name,price,discount,link_product
Điện Thoại iPhone 7 Plus 128GB - Hàng Chính Hãng VN/A,9.490.000đ,-32%,/dien-thoai-iphone-7-plus-hang-chinh-hang-vn-a-p36699543.html?spid=298372&src=category-page-1789&2hi=0
Điện Thoại Oppo A12e (3GB/64GB) - Hàng Chính Hãng,2.590.000đ,-13%,/dien-thoai-oppo-a12e-3gb-64gb-hang-chinh-hang-p58851197.html?spid=58851199&src=category-page-1789&2hi=0
Điện Thoại Samsung Galaxy A11 (32GB/3GB) - Hàng Chính Hãng,3.220.000đ,-13%,/dien-thoai-samsung-galaxy-a11-32gb-3gb-hang-chinh-hang-p53516830.html?spid=53793240&src=category-page-1789&2hi=0
Điện Thoại iPhone 11 Pro 256GB - Hàng Nhập Khẩu ,27.749.000đ,-25%,/dien-thoai-iphone-11-pro-256gb-hang-nhap-khau-p33802447.html?spid=42413088&src=category-page-1789&2hi=0
Điện Thoại Vsmart Active 3 - Hàng Chính Hãng,2.790.000đ,-38%,/dien-thoai-vsmart-active-3-hang-chinh-hang-p46753117.html?spid=54749371&src=category-page-1789&2hi=0
Điện Thoại Vsmart Joy 3 - Hàng chính hãng,3.290.000đ,Khong giam,/dien-thoai-vsmart-joy-3-hang-chinh-hang-p48524359.html?spid=50027998&src=category-page-1789&2hi=0
Điện Thoại iPhone 11 64GB  - Hàng  Chính Hãng,18.750.000đ,-18%,/dien-thoai-iphone-11-64gb-hang-chinh-hang-p32033717.html?spid=32033719&src=category-page-1789&2hi=0
ĐIỆN THOẠI TÂN CỔ ĐIỂN mã  DT14 bàn phím quay dùng sim di động nghe gọi âm thanh rõ ràng (điện thoại bàn tân cổ điển),4.900.000đ,Khong giam,"//t.ants.vn/a3/c/?bc=6e61999220,pageview,1596993734,visitor,1,7496227197,638770403,1345098253,10384,1,10848977712,10848976376,1,0_1&t_rls=7496227197-638770407-0-600&t_s=7496227197-10848977712-1345098253:1&t_kw=&t_z=&t_age=7496227197-10848977712-2:1.0&t_gd=7496227197-10848977712-2:1.0&t_tp=&t_itr=&t_imk=&t_rm=&c_tp=&c_itr=&c_imk=&c_rm=&ti_area=29:1:VN&ti_gd=2&ti_age=3&ti_pl=1&ti_nw=:::1000&ti_dv=1:1:1:2:1:48346&skw=&aid=visitor&cv=ab0dc76a&nspace=tiki&action_name=&timestamp=1596993734145&url=&urlref=&hostname=&gent=&format=33&template=0&res=&gd=2&loc=29-1-vn&device_model=desktop&redirect=https%3A%2F%2Ftiki.vn%2Fdien-thoai-tan-co-dien-ma-dt14-ban-phim-quay-dung-sim-di-dong-nghe-goi-am-thanh-ro-rang-dien-thoai-ban-tan-co-dien-p54683561.html%3Fspid%3D54683562&prd_imp=7496227197-10848977712-8966726688:1&pos=8"
Điện Thoại Samsung Galaxy A51 (128GB/6GB) - Hàng Chính Hãng - Đã Kích Hoạt Bảo Hành Điện Tử,5.890.000đ,-26%,/dien-thoai-samsung-galaxy-a51-128gb-6gb-hang-chinh-hang-da-kich-hoat-bao-hanh-dien-tu-p45695395.html?spid=45695397&src=category-page-1789&2hi=0
iPad 10.2 Inch WiFi 32GB New 2019 - Hàng Nhập Khẩu Chính Hãng,8.090.000đ,-19%,/ipad-10-2-inch-wifi-32gb-new-2019-hang-nhap-khau-chinh-hang-p32648365.html?spid=32648369&src=category-page-1789&2hi=0
ĐIỆN THOẠI XIAOMI REDMI NOTE 9S - HÀNG CHÍNH HÃNG,5.090.000đ,-7%,/dien-thoai-xiaomi-redmi-note-9s-hang-chinh-hang-p51553387.html?spid=54354044&src=category-page-1789&2hi=0
Điện Thoại iPhone 11 128GB  - Hàng Chính Hãng,19.990.000đ,-17%,/dien-thoai-iphone-11-128gb-hang-chinh-hang-p32033730.html?spid=32033732&src=category-page-1789&2hi=0
Điện Thoại Nokia 105 Dual Sim (2019) - Hàng Chính Hãng,350.000đ,-3%,/dien-thoai-nokia-105-dual-sim-2019-hang-chinh-hang-p25730627.html?spid=25730629&src=category-page-1789&2hi=0
Điện Thoại iPhone 11 Pro Max 64GB - Hàng Chính Hãng ,27.990.000đ,-18%,/dien-thoai-iphone-11-pro-max-64gb-hang-chinh-hang-p32028822.html?spid=32028826&src=category-page-1789&2hi=0
Điện Thoại Samsung Galaxy A20s - Hàng Chính Hãng,4.390.000đ,Khong giam,/dien-thoai-samsung-galaxy-a20s-hang-chinh-hang-p35843180.html?spid=58444051&src=category-page-1789&2hi=0
Điện Thoại Nokia 105 Single Sim (2019) - Hàng Chính Hãng,340.000đ,-6%,/dien-thoai-nokia-105-single-sim-2019-hang-chinh-hang-p34942696.html?spid=34942698&src=category-page-1789&2hi=0
Điện Thoại Vivo Y15 (4GB / 64GB) - Hàng Chính Hãng,2.690.000đ,-46%,/dien-thoai-vivo-y15-4gb-64gb-hang-chinh-hang-p16256385.html?spid=16256387&src=category-page-1789&2hi=0
Điện Thoại Xiaomi Redmi Note 8 - Hàng Chính Hãng,4.390.000đ,-12%,/dien-thoai-xiaomi-redmi-note-8-hang-chinh-hang-p35773440.html?spid=35962830&src=category-page-1789&2hi=0
Điện Thoại Vsmart Star 3 (2GB/16GB) - Hàng Chính Hãng,1.790.000đ,-10%,/dien-thoai-vsmart-star-3-2gb-16gb-hang-chinh-hang-p48654406.html?spid=57494861&src=category-page-1789&2hi=0
Điện Thoại OPPO A9 2020 (128G/8GB) - Hàng Chính Hãng,4.650.000đ,-22%,/dien-thoai-oppo-a9-2020-128g-8gb-hang-chinh-hang-p31276832.html?spid=57782451&src=category-page-1789&2hi=0
Điện thoại Xiaomi Redmi 8 64GB Ram 4GB - Hàng chính hãng,2.950.000đ,-18%,/dien-thoai-xiaomi-redmi-8-64gb-ram-4gb-hang-chinh-hang-p39751299.html?spid=56090669&src=category-page-1789&2hi=0
Điện Thoại Samsung Galaxy S20 Plus - Hàng Chính Hãng - Đã Kích Hoạt Bảo Hành Điện Tử,14.990.000đ,-38%,/dien-thoai-samsung-galaxy-s20-plus-hang-chinh-hang-da-kich-hoat-bao-hanh-dien-tu-p50300535.html?spid=50300539&src=category-page-1789&2hi=0
Điện Thoại Vsmart Bee 3 - Hàng Chính Hãng,1.380.000đ,-13%,/dien-thoai-vsmart-bee-3-hang-chinh-hang-p50024767.html?spid=52611632&src=category-page-1789&2hi=0
Điện Thoại Samsung Galaxy M11 (32GB/3GB) - Hàng Chính Hãng,3.190.000đ,-14%,/dien-thoai-samsung-galaxy-m11-32gb-3gb-hang-chinh-hang-p52717588.html?spid=52717590&src=category-page-1789&2hi=0
Điện thoại Xiaomi Redmi Note 9 Pro - Hàng Chính Hãng,5.690.000đ,-12%,/dien-thoai-xiaomi-redmi-note-9-pro-hang-chinh-hang-p55138557.html?spid=55311236&src=category-page-1789&2hi=0
Điện Thoại Di Động GSM ZONO N8110 2.4inch - Hàng Nhập Khẩu,199.000đ,-62%,/dien-thoai-di-dong-gsm-zono-n8110-2-4inch-hang-nhap-khau-p3717703.html?spid=51737694&src=category-page-1789&2hi=0
Điện Thoại iPhone  SE 64GB ( 2020)  -  Hàng  Chính Hãng,11.290.000đ,-13%,/dien-thoai-iphone-se-64gb-2020-nhap-khau-hang-chinh-hang-p53090589.html?spid=53090591&src=category-page-1789&2hi=0
Điện Thoại Realme C3 - Hàng Chính Hãng,2.490.000đ,-17%,/dien-thoai-realme-c3-hang-chinh-hang-p49917539.html?spid=49917543&src=category-page-1789&2hi=0
Điện Thoại Samsung Galaxy A01 (16GB/2GB) - Hàng Chính Hãng,2.790.000đ,Khong giam,/dien-thoai-samsung-galaxy-a01-16gb-2gb-hang-chinh-hang-p48307567.html?spid=48307569&src=category-page-1789&2hi=0
Máy Tính Bảng Samsung Galaxy Tab A8 8' T295 (2019) - Hàng Chính Hãng,3.550.000đ,-4%,/may-tinh-bang-samsung-galaxy-tab-a8-8-t295-2019-hang-chinh-hang-p21464946.html?spid=21464948&src=category-page-1789&2hi=0
Điện Thoại Samsung Galaxy A21s - Hàng Chính Hãng - Đã Kích Hoạt Bảo Hành Điện Tử,3.590.000đ,-23%,/dien-thoai-samsung-galaxy-a21s-hang-chinh-hang-da-kich-hoat-bao-hanh-dien-tu-p56027838.html?spid=56027844&src=category-page-1789&2hi=0
Điện Thoại  Realme C3i (2GB/32G) - Hàng Chính Hãng,2.180.000đ,-16%,/dien-thoai-realme-c3i-2gb-32g-hang-chinh-hang-p52342723.html?spid=52342727&src=category-page-1789&2hi=0
Điện Thoại OPPO A5s - Hàng Chính Hãng,2.590.000đ,-35%,/dien-thoai-oppo-a5s-hang-chinh-hang-p15674844.html?spid=15674846&src=category-page-1789&2hi=0
Điện Thoại Oppo A92 2020 (8GB/128GB) - Hàng Chính Hãng,5.990.000đ,-14%,/dien-thoai-oppo-a92-2020-8gb-128gb-hang-chinh-hang-p55646154.html?spid=57782473&src=category-page-1789&2hi=0
Điện Thoại Oppo A31 2020 (4GB/128GB) - Hàng Chính Hãng,3.550.000đ,-21%,/dien-thoai-oppo-a31-2020-4gb-128gb-hang-chinh-hang-p49329240.html?spid=49329242&src=category-page-1789&2hi=0
Điện Thoại Samsung Galaxy A51 (128GB/6GB) - Hàng Chính Hãng,7.590.000đ,-5%,/dien-thoai-samsung-galaxy-a51-128gb-6gb-hang-chinh-hang-p45339109.html?spid=45339111&src=category-page-1789&2hi=0
Điện Thoại Samsung Galaxy M21 (64GB/4GB) - Hàng Chính Hãng,5.090.000đ,-7%,/dien-thoai-samsung-galaxy-m21-64gb-4gb-hang-chinh-hang-p52063654.html?spid=53772209&src=category-page-1789&2hi=0
iPad 10.2 Inch WiFi 128GB New 2019 - Hàng Nhập Khẩu Chính Hãng,10.390.000đ,-20%,/ipad-10-2-inch-wifi-128gb-new-2019-hang-nhap-khau-chinh-hang-p32648385.html?spid=32648387&src=category-page-1789&2hi=0
"ĐIỆN THOẠI XIAOMI REDMI NOTE 9S (NGUYÊN SEAL, GLOBAL VERSION) - HÀNG NHẬP KHẨU (CÓ SẴN TIẾNG VIỆT KHÔNG CẦN CÀI ĐẶT)",4.490.000đ,-18%,/dien-thoai-xiaomi-redmi-note-9s-nguyen-seal-global-version-hang-nhap-khau-co-san-tieng-viet-khong-can-cai-dat-p54446719.html?spid=54446721&src=category-page-1789&2hi=0
Điện Thoại Samsung Galaxy Note 10 Plus (256GB/12GB) - Hàng Chính Hãng - Đã Kích Hoạt Bảo Hành Điện Tử,19.000.000đ,-30%,/dien-thoai-samsung-galaxy-note-10-plus-256gb-12gb-hang-chinh-hang-da-kich-hoat-bao-hanh-dien-tu-p29454689.html?spid=54158238&src=category-page-1789&2hi=0
Điện Thoại Vivo Y12 (64GB/3GB) - Hàng Chính Hãng,2.590.000đ,-38%,/dien-thoai-vivo-y12-64gb-3gb-hang-chinh-hang-p24153113.html?spid=24153115&src=category-page-1789&2hi=0
Điện thoại Xiaomi Redmi 9A (2GB/32GB) - Hàng chính hãng,1.990.000đ,Khong giam,/dien-thoai-xiaomi-redmi-9a-2gb-32gb-hang-chinh-hang-p57809866.html?spid=57809868&src=category-page-1789&2hi=0
iPad Pro 11 inch (2020) Wifi - Hàng Nhập Khẩu Chính Hãng,25.490.000đ,-23%,/ipad-pro-11-inch-2020-wifi-hang-nhap-khau-chinh-hang-p51428406.html?spid=51428414&src=category-page-1789&2hi=0
Điện thoại Xiaomi Redmi Note 9 (3GB/64GB) - Hàng Chính Hãng,3.790.000đ,-5%,/dien-thoai-xiaomi-redmi-note-9-3gb-64gb-hang-chinh-hang-p55584843.html?spid=55585309&src=category-page-1789&2hi=0
Điện Thoại iPhone 8 Plus 128GB - Hàng Chính Hãng VN/A,13.990.000đ,-26%,/dien-thoai-iphone-8-plus-hang-chinh-hang-vn-a-p36700352.html?spid=35043488&src=category-page-1789&2hi=0
iPad Mini 5 Wi-Fi 64GB -  Hàng Nhập Khẩu Chính Hãng,9.790.000đ,-18%,/ipad-mini-5-wi-fi-64gb-hang-nhap-khau-chinh-hang-p12389305.html?spid=12389307&src=category-page-1789&2hi=0
Máy Đọc Sách Kindle Paperwhite Gen 10 - 2019 - Hàng Nhập Khẩu,3.150.000đ,-27%,/may-doc-sach-kindle-paperwhite-gen-10-2019-hang-nhap-khau-p40639597.html?spid=52670818&src=category-page-1789&2hi=0
Điện Thoại Oppo A1K - Hàng Chính Hãng,2.290.000đ,-28%,/dien-thoai-oppo-a1k-hang-chinh-hang-p17510352.html?spid=17878122&src=category-page-1789&2hi=0
Điện Thoại Samsung Galaxy Note 10 Lite (128GB/8GB) - Hàng Chính Hãng - Đã Kích Hoạt Bảo Hành Điện Tử,9.235.000đ,-34%,/dien-thoai-samsung-galaxy-note-10-lite-128gb-8gb-hang-chinh-hang-da-kich-hoat-bao-hanh-dien-tu-p48290408.html?spid=57566682&src=category-page-1789&2hi=0
Điện Thoại Samsung Galaxy A50s (64GB/4GB) - Hàng Chính Hãng - Đã Kích Hoạt Bảo Hành Điện Tử,4.749.000đ,-39%,/dien-thoai-samsung-galaxy-a50s-64gb-4gb-hang-chinh-hang-da-kich-hoat-bao-hanh-dien-tu-p32243658.html?spid=34278901&src=category-page-1789&2hi=0
Điện Thoại Realme 5 (4GB/128GB) - Hàng chính hãng,3.450.000đ,-31%,/dien-thoai-realme-5-4gb-128gb-hang-chinh-hang-p36196166.html?spid=54159847&src=category-page-1789&2hi=0
Điện Thoại Nokia 5.3 (64GB/3GB) - Hàng Chính Hãng,3.150.000đ,-21%,/dien-thoai-nokia-5-3-64gb-3gb-hang-chinh-hang-p56307922.html?spid=56307924&src=category-page-1789&2hi=0
iPad Air 10.5 Wi-Fi 64GB New 2019 - Nhập Khẩu Chính Hãng,12.990.000đ,-13%,/ipad-air-10-5-wi-fi-64gb-new-2019-nhap-khau-chinh-hang-p12417547.html?spid=12417549&src=category-page-1789&2hi=0
Điện Thoại Xiaomi Redmi 9 - Hàng Chính Hãng,3.450.000đ,-4%,/dien-thoai-xiaomi-redmi-9-hang-chinh-hang-p57127752.html?spid=57867498&src=category-page-1789&2hi=0
Điện Thoại iPhone 11 64GB  - Hàng Nhập Khẩu,17.699.000đ,-23%,/dien-thoai-iphone-11-64gb-hang-nhap-khau-p34016501.html?spid=53991328&src=category-page-1789&2hi=0
Điện Thoại Samsung Galaxy A31 (128GB/6GB) - Hàng Chính Hãng - Đã Kích Hoạt Bảo Hành Điện Tử,4.990.000đ,-23%,/dien-thoai-samsung-galaxy-a31-128gb-6gb-hang-chinh-hang-da-kich-hoat-bao-hanh-dien-tu-p54711313.html?spid=56556235&src=category-page-1789&2hi=0
Điện Thoại OPPO RENO 3 (8GB/128GB) - Hàng Chính Hãng,6.750.000đ,-25%,/dien-thoai-oppo-reno-3-8gb-128gb-hang-chinh-hang-p54023229.html?spid=54023235&src=category-page-1789&2hi=0
Điện thoại Smartphone Masstel X6 - Hàng Chính Hãng,1.290.000đ,-32%,/dien-thoai-smartphone-masstel-x6-hang-chinh-hang-p9984235.html?spid=40854699&src=category-page-1789&2hi=0
Điện Thoại Mobell S41 - Hàng Chính Hãng,639.000đ,-54%,/dien-thoai-mobell-s41-hang-chinh-hang-p10761518.html?spid=53727819&src=category-page-1789&2hi=0
Điện thoại Xiaomi Redmi Note 9 (4GB/128GB) - Hàng chính hãng,4.290.000đ,-14%,/dien-thoai-xiaomi-redmi-note-9-4gb-128gb-hang-chinh-hang-p55248506.html?spid=55248510&src=category-page-1789&2hi=0
Điện Thoại iPhone XS Max 64GB - Hàng Nhập Khẩu,17.299.000đ,-49%,/dien-thoai-iphone-xs-max-64gb-hang-nhap-khau-p14917752.html?spid=7503287&src=category-page-1789&2hi=0
Điện Thoại Nokia 150 (2020) -  Hàng Chính Hãng,610.000đ,-8%,/dien-thoai-nokia-150-2020-hang-chinh-hang-p55665054.html?spid=55665056&src=category-page-1789&2hi=0
Điện Thoại Itel S13 Pro - Hàng Chính Hãng,1.060.000đ,-44%,/dien-thoai-itel-s13-pro-hang-chinh-hang-p15363972.html?spid=57053248&src=category-page-1789&2hi=0
Điện Thoại Samsung Galaxy S10 Plus (128GB/8GB) - Hàng Chính Hãng - Đã Kích Hoạt Bảo Hành Điện Tử,13.190.000đ,-43%,/dien-thoai-samsung-galaxy-s10-plus-128gb-8gb-hang-chinh-hang-da-kich-hoat-bao-hanh-dien-tu-p12206824.html?spid=12206828&src=category-page-1789&2hi=0
Điện Thoại Samsung Galaxy A10s (32GB/2GB) - Hàng Chính Hãng,2.650.000đ,-28%,/dien-thoai-samsung-galaxy-a10s-32gb-2gb-hang-chinh-hang-p25918805.html?spid=25918807&src=category-page-1789&2hi=0
Điện Thoại Trẻ Em MKIDS - Hàng Chính Hãng Của Viettel - Chỉ Định Vị Bằng Sim Viettel,330.000đ,-49%,/dien-thoai-tre-em-mkids-hang-chinh-hang-cua-viettel-chi-dinh-vi-bang-sim-viettel-p1965487.html?spid=1965489&src=category-page-1789&2hi=0
Điện Thoại iPhone 6s Plus 32GB - Hàng Nhập Khẩu Chính Hãng,6.990.000đ,-13%,/dien-thoai-iphone-6s-plus-32gb-hang-nhap-khau-chinh-hang-p38210099.html?spid=38210101&src=category-page-1789&2hi=0
iPad Pro 11 inch (2018) 64GB Wifi - Hàng Nhập Khẩu Chính Hãng,18.990.000đ,-17%,/ipad-pro-11-inch-2018-64gb-wifi-hang-nhap-khau-chinh-hang-p6878263.html?spid=6878267&src=category-page-1789&2hi=0
Điện Thoại iPhone 11 Pro 64GB - Hàng Chính Hãng ,25.990.000đ,-16%,/dien-thoai-iphone-11-pro-64gb-hang-chinh-hang-p32036936.html?spid=32036938&src=category-page-1789&2hi=0
Điện Thoại iPhone 11 Pro Max 256GB - Hàng Nhập Khẩu,29.399.000đ,-28%,/dien-thoai-iphone-11-pro-max-256gb-hang-nhap-khau-p33911924.html?spid=53991023&src=category-page-1789&2hi=0
Điện Thoại Realme 5i - Hàng Chính Hãng,3.290.000đ,-23%,/dien-thoai-realme-5i-hang-chinh-hang-p48611779.html?spid=58473365&src=category-page-1789&2hi=0
Điện Thoại Vivo Y91C - Hàng Chính Hãng,2.090.000đ,-30%,/dien-thoai-vivo-y91c-hang-chinh-hang-p14470707.html?spid=55994647&src=category-page-1789&2hi=0
iPad 10.2 Inch WiFi 32GB New 2019 - Hàng Nhập Khẩu,7.800.000đ,-22%,/ipad-10-2-inch-wifi-32gb-new-2019-hang-nhap-khau-p37299857.html?spid=51051563&src=category-page-1789&2hi=0
Điện Thoại Samsung Galaxy S20 Ultra - Hàng Chính Hãng,28.490.000đ,-5%,/dien-thoai-samsung-galaxy-s20-ultra-hang-chinh-hang-p48886497.html?spid=47510588&src=category-page-1789&2hi=0
Điện Thoại Samsung Galaxy A71 (128GB/8GB) - Hàng Chính Hãng - Đã Kích Hoạt Bảo Hành Điện Tử,9.575.000đ,-9%,/dien-thoai-samsung-galaxy-a71-128gb-8gb-hang-chinh-hang-da-kich-hoat-bao-hanh-dien-tu-p47475798.html?spid=51051343&src=category-page-1789&2hi=0
Điện Thoại Nokia 5310 (2020) - Hàng Chính Hãng,925.000đ,-7%,/dien-thoai-nokia-5310-2020-hang-chinh-hang-p51326736.html?spid=51326738&src=category-page-1789&2hi=0
Điện Thoại iPhone 11 Pro 64GB - Hàng Nhập Khẩu ,23.699.000đ,-28%,/dien-thoai-iphone-11-pro-64gb-hang-nhap-khau-p33815238.html?spid=49270533&src=category-page-1789&2hi=0
Điện Thoại iPhone 6s 32GB  - Nhập Khẩu Chính Hãng,5.990.000đ,-14%,/dien-thoai-iphone-6s-32gb-nhap-khau-chinh-hang-p283110.html?spid=283131&src=category-page-1789&2hi=0
Điện Thoại Nokia 2.3 (32GB/2GB) - Hàng Chính Hãng,1.790.000đ,-31%,/dien-thoai-nokia-2-3-32gb-2gb-hang-chinh-hang-p44241660.html?spid=44241662&src=category-page-1789&2hi=0
Máy đọc sách Kindle PaperWhite Gen 4 (10th) - Bản 8GB 2019 - Hàng chính hãng,3.150.000đ,-21%,/may-doc-sach-kindle-paperwhite-gen-4-10th-ban-8gb-2019-hang-chinh-hang-p6597807.html?spid=6597811&src=category-page-1789&2hi=0
Điện thoại Nokia 3310 Dual Sim - Hàng Chính Hãng,950.000đ,-10%,/dien-thoai-nokia-3310-dual-sim-hang-chinh-hang-p648112.html?spid=841994&src=category-page-1789&2hi=0
Điện Thoại iPhone XS 64GB - Hàng Nhập Khẩu Chính Hãng,17.490.000đ,-30%,/dien-thoai-iphone-xs-64gb-hang-nhap-khau-chinh-hang-p4538877.html?spid=4538885&src=category-page-1789&2hi=0
Điện Thoại Nokia 110 Dual Sim (2019) - Hàng Chính Hãng,450.000đ,-55%,/dien-thoai-nokia-110-dual-sim-2019-hang-chinh-hang-p34942635.html?spid=34942637&src=category-page-1789&2hi=0
Máy Đọc Sách All New Kindle 2019 (10th) – Hàng Chính Hãng,2.199.000đ,-27%,/may-doc-sach-all-new-kindle-2019-10th-hang-chinh-hang-p14507169.html?spid=17616548&src=category-page-1789&2hi=0
Điện thoại Xiaomi Mi Note 10 Lite - Hàng Chính Hãng,8.690.000đ,-13%,/dien-thoai-xiaomi-mi-note-10-lite-hang-chinh-hang-p54609695.html?spid=54609699&src=category-page-1789&2hi=0
Điện Thoại Samsung Galaxy S20 - Hàng Chính Hãng,17.990.000đ,-16%,/dien-thoai-samsung-galaxy-s20-hang-chinh-hang-p48886151.html?spid=49516813&src=category-page-1789&2hi=0
Điện Thoại iPhone 11 Pro Max 64GB  - Hàng  Nhập Khẩu,26.249.000đ,-31%,/dien-thoai-iphone-11-pro-max-64gb-hang-nhap-khau-p33928555.html?spid=53991107&src=category-page-1789&2hi=0
Máy Tính Bảng Kindle Fire HD8 (8th) 16GB (2019) - Hàng Chính Hãng,1.729.000đ,-42%,/may-tinh-bang-kindle-fire-hd8-8th-16gb-2019-hang-chinh-hang-p7184855.html?spid=15308263&src=category-page-1789&2hi=0
Điện Thoại Oppo A12 (3GB/32GB) - Hàng Chính Hãng - Xanh Dương,2.450.000đ,-30%,/dien-thoai-oppo-a12-3gb-32gb-hang-chinh-hang-xanh-duong-p53827214.html?spid=53827216&src=category-page-1789&2hi=0
Điện Thoại Nokia 3.2 (3GB/32GB) - Hàng Chính Hãng,2.490.000đ,-38%,/dien-thoai-nokia-3-2-3gb-32gb-hang-chinh-hang-p15663039.html?spid=15663700&src=category-page-1789&2hi=0
Điện Thoại OPPO Reno 2F - Hàng Chính Hãng,6.390.000đ,-29%,/dien-thoai-oppo-reno-2f-hang-chinh-hang-p35729872.html?spid=35729878&src=category-page-1789&2hi=0
Điện Thoại Samsung Galaxy S20 Plus - Hàng Chính Hãng,22.590.000đ,-6%,/dien-thoai-samsung-galaxy-s20-plus-hang-chinh-hang-p48886153.html?spid=47514317&src=category-page-1789&2hi=0
Điện Thoại Mobell S47 - Hàng Chính Hãng,679.000đ,-64%,/dien-thoai-mobell-s47-hang-chinh-hang-p14500261.html?spid=58271210&src=category-page-1789&2hi=0
Điện Thoại iPhone 6s Plus 128GB - Hàng Nhập Khẩu Chính Hãng,7.990.000đ,-11%,/dien-thoai-iphone-6s-plus-128gb-hang-nhap-khau-chinh-hang-p53398913.html?spid=53406597&src=category-page-1789&2hi=0
Điện Thoại Samsung Galaxy S20 Ultra - Đã Kích Hoạt Bảo Hành Điện Tử,18.990.000đ,-37%,/dien-thoai-samsung-galaxy-s20-ultra-da-kich-hoat-bao-hanh-dien-tu-p50304588.html?spid=50304592&src=category-page-1789&2hi=0
Điện Thoại Realme 5s (4GB/128GB) - Hàng Chính Hãng,3.650.000đ,-27%,/dien-thoai-realme-5s-4gb-128gb-hang-chinh-hang-p48653991.html?spid=48653993&src=category-page-1789&2hi=0
Điện thoại Mobell C310 - Hàng chính hãng,189.000đ,-37%,/dien-thoai-mobell-c310-hang-chinh-hang-p52347882.html?spid=52347884&src=category-page-1789&2hi=0
Điện Thoại iPhone SE 128G ( 2020) - Hàng Chính Hãng,12.790.000đ,-15%,/dien-thoai-iphone-se-128g-2020-hang-chinh-hang-p53135819.html?spid=53142450&src=category-page-1789&2hi=0
Điện Thoại Xiaomi Redmi Note 8 Pro (6GB/64GB) - Hàng chính hãng,4.990.000đ,-44%,/dien-thoai-xiaomi-redmi-note-8-pro-6gb-64gb-hang-chinh-hang-p35964172.html?spid=36440578&src=category-page-1789&2hi=0
Điện Thoại Oppo A5 ( 4GB/128GB) - Hàng Chính Hãng,3.950.000đ,-28%,/dien-thoai-oppo-a5-4gb-128gb-hang-chinh-hang-p34478313.html?spid=34478315&src=category-page-1789&2hi=0
Máy Tính Bảng Samsung Galaxy Tab A8 8' T295 (2019) - Đã Kích Hoạt Bảo Hành - Hàng Chính Hãng,3.050.000đ,-17%,/may-tinh-bang-samsung-galaxy-tab-a8-8-t295-2019-da-kich-hoat-bao-hanh-hang-chinh-hang-p23258088.html?spid=23258090&src=category-page-1789&2hi=0
Điện Thoại Vsmart Joy 2+ (Hàng Chính Hãng),2.790.000đ,-24%,/dien-thoai-vsmart-joy-2-hang-chinh-hang-p32453719.html?spid=48221483&src=category-page-1789&2hi=0
Điện thoại Vivo Y11 - Hàng chính hãng,2.599.000đ,-13%,/dien-thoai-vivo-y11-hang-chinh-hang-p37694867.html?spid=52153046&src=category-page-1789&2hi=0
Máy Đọc Sách Kindle Gen 10 - 2019 (4GB) - Hàng Nhập Khẩu,2.240.000đ,-28%,/may-doc-sach-kindle-gen-10-2019-4gb-hang-nhap-khau-p28623307.html?spid=48944183&src=category-page-1789&2hi=0
Điện Thoại Bàn Panasonic KX-TS500 - Hàng Chính Hãng,217.000đ,-19%,/dien-thoai-ban-panasonic-kx-ts500-hang-chinh-hang-p4048043.html?spid=54002656&src=category-page-1789&2hi=0
Điện Thoại Samsung Galaxy A11 (32GB/3GB) - Hàng Chính Hãng - (Đã kích hoạt bảo hành điện tử),2.850.000đ,-23%,/dien-thoai-samsung-galaxy-a11-32gb-3gb-hang-chinh-hang-da-kich-hoat-bao-hanh-dien-tu-p54913203.html?spid=57606247&src=category-page-1789&2hi=0
Điện Thoại Nokia  C2  - Hàng Chính Hãng,1.350.000đ,-20%,/dien-thoai-nokia-c2-hang-chinh-hang-p53097934.html?spid=53097936&src=category-page-1789&2hi=0
Điện Thoại Oppo Reno 10x Zoom Edition - Hàng Chính Hãng,9.990.000đ,-50%,/dien-thoai-oppo-reno-10x-zoom-edition-hang-chinh-hang-p17510219.html?spid=17878121&src=category-page-1789&2hi=0
Điện Thoại Realme 3 - Hàng Chính Hãng,2.750.000đ,-21%,/dien-thoai-realme-3-hang-chinh-hang-p13292623.html?spid=54058143&src=category-page-1789&2hi=0
Điện Thoại iPhone 11 128GB  - Hàng Nhập Khẩu,18.499.000đ,-26%,/dien-thoai-iphone-11-128gb-hang-nhap-khau-p33996665.html?spid=53991217&src=category-page-1789&2hi=0
Điện Thoại Di Động GSM ZONO N8110 1.8inch – Hàng Nhập Khẩu,149.000đ,-55%,/dien-thoai-di-dong-gsm-zono-n8110-1-8inch-hang-nhap-khau-p3666899.html?spid=52081569&src=category-page-1789&2hi=0
Điện Thoại iPhone XS Max 64GB - Nhập Khẩu Chính Hãng,17.990.000đ,-33%,/dien-thoai-iphone-xs-max-64gb-nhap-khau-chinh-hang-p4538661.html?spid=4540179&src=category-page-1789&2hi=0
Điện Thoại Samsung Galaxy Note 10 (256GB/8GB) - Hàng Chính Hãng - Đã Kích Hoạt Bảo Hành Điện Tử,16.995.000đ,-26%,/dien-thoai-samsung-galaxy-note-10-256gb-8gb-hang-chinh-hang-da-kich-hoat-bao-hanh-dien-tu-p29418235.html?spid=39312520&src=category-page-1789&2hi=0
iPad Pro 11 inch Wifi 2020 - Hàng Nhập Khẩu ,22.799.000đ,-5%,/ipad-pro-11-inch-wifi-2020-hang-nhap-khau-p52675312.html?spid=53991424&src=category-page-1789&2hi=0
Điện Thoại OPPO RENO 4 PRO  (8GB/256GB) - Hàng Chính Hãng,10.490.000đ,-19%,/dien-thoai-oppo-reno-4-pro-8gb-256gb-hang-chinh-hang-p58459136.html?spid=58493643&src=category-page-1789&2hi=0
Điện Thoại iPhone SE 64GB ( 2020) - Hàng NHập Khẩu,10.399.000đ,-20%,/dien-thoai-iphone-se-64gb-2020-hang-nhap-khau-p53514080.html?spid=53514082&src=category-page-1789&2hi=0
Điện Thoại Samsung Galaxy Note 10 (256GB/8GB) - Hàng Chính Hãng,21.590.000đ,-6%,/dien-thoai-samsung-galaxy-note-10-256gb-8gb-hang-chinh-hang-p22356225.html?spid=22356228&src=category-page-1789&2hi=0
Điện Thoại Samsung Galaxy Note 10 Plus (256GB/12GB) - Hàng Chính Hãng,25.450.000đ,-6%,/dien-thoai-samsung-galaxy-note-10-plus-256gb-12gb-hang-chinh-hang-p22358908.html?spid=24182393&src=category-page-1789&2hi=0
Điện Thoại Samsung Galaxy S20 - Hàng Chính Hãng - Đã Kích Hoạt,13.990.000đ,-35%,/dien-thoai-samsung-galaxy-s20-hang-chinh-hang-da-kich-hoat-p50066823.html?spid=50066825&src=category-page-1789&2hi=0
Điện Thoại iPhone 8 64GB - Hàng Nhập Khẩu,19.000.000đ,-5%,/dien-thoai-iphone-8-64gb-hang-nhap-khau-p916706.html?spid=918814&src=category-page-1789&2hi=0
Máy Tính Bảng Samsung Galaxy Tab 10.1 2019 T515 - Hàng Chính Hãng (Đã Kích Hoạt) Bảo Hành 12 Tháng,5.849.000đ,-22%,/may-tinh-bang-samsung-galaxy-tab-10-1-2019-t515-hang-chinh-hang-da-kich-hoat-bao-hanh-12-thang-p34455577.html?spid=53973598&src=category-page-1789&2hi=0
iPad 10.2 Inch WiFi 32GB New 2019 - Hàng  Chính Hãng,8.750.000đ,-12%,/ipad-10-2-inch-wifi-32gb-new-2019-hang-chinh-hang-p54431581.html?spid=54431583&src=category-page-1789&2hi=0
Điện Thoại Oppo A31 2020 (6GB/128GB) - Hàng Chính Hãng,4.050.000đ,-23%,/dien-thoai-oppo-a31-2020-6gb-128gb-hang-chinh-hang-p52400151.html?spid=52400153&src=category-page-1789&2hi=0
Điện Thoại OPPO RENO 4 (8GB/128GB) - Hàng Chính Hãng,7.490.000đ,-17%,/dien-thoai-oppo-reno-4-8gb-128gb-hang-chinh-hang-p58437155.html?spid=58437159&src=category-page-1789&2hi=0
Khăn Treo Tường Trang Trí Nhà Cửa - Size Bé - 130 x 150 cm,160.000đ,-20%,/khan-treo-tuong-trang-tri-nha-cua-size-be-130-x-150-cm-p20867711.html?spid=20867717&src=category-page-1789&2hi=0
Điện Thoại iPhone XS Max 256GB - Nhập Khẩu Chính Hãng,21.990.000đ,-29%,/dien-thoai-iphone-xs-max-256gb-nhap-khau-chinh-hang-p4539483.html?spid=4540137&src=category-page-1789&2hi=0
Điện thoại Energizer E241S - Hàng  Chính Hãng,863.000đ,-22%,/dien-thoai-energizer-e241s-hang-chinh-hang-p49722512.html?spid=54693688&src=category-page-1789&2hi=0
Điện Thoại  Realme 6 ( 8GB/128GB)- Hàng Chính Hãng,5.390.000đ,-23%,/dien-thoai-realme-6-8gb-128gb-hang-chinh-hang-p52341139.html?spid=52341141&src=category-page-1789&2hi=0
Điện thoại Wiko View Max (3GB/32GB) - Hàng chính hãng ,1.990.000đ,-34%,/dien-thoai-wiko-view-max-3gb-32gb-hang-chinh-hang-p6714339.html?spid=6714347&src=category-page-1789&2hi=0
Điện thoại di động GSM Vtel A1 - Hàng chính hãng,159.000đ,-21%,/dien-thoai-di-dong-gsm-vtel-a1-hang-chinh-hang-p40343230.html?spid=40343237&src=category-page-1789&2hi=0
Điện Thoại Samsung Galaxy A71 (128GB/8GB) - Hàng Chính Hãng,8.290.000đ,-21%,/dien-thoai-samsung-galaxy-a71-128gb-8gb-hang-chinh-hang-p47475765.html?spid=48055091&src=category-page-1789&2hi=0
Máy đọc sách Kindle Oasis 3 (2019) - Amazon - Hàng nhập khẩu,7.860.000đ,-13%,/may-doc-sach-kindle-oasis-3-2019-amazon-hang-nhap-khau-p43924153.html?spid=43924157&src=category-page-1789&2hi=0
Điện Thoại Oppo Reno - Hàng Chính Hãng,7.690.000đ,-41%,/dien-thoai-oppo-reno-hang-chinh-hang-p17510512.html?spid=17878118&src=category-page-1789&2hi=0
Điện Thoại iPhone XS Max 256GB - Hàng Nhập Khẩu,19.799.000đ,-48%,/dien-thoai-iphone-xs-max-256gb-hang-nhap-khau-p14763849.html?spid=6024117&src=category-page-1789&2hi=0
Điện Thoại iPhone 11 Pro 64GB - Hàng Nhập Khẩu Chính Hãng ,26.490.000đ,-20%,/dien-thoai-iphone-11-pro-64gb-hang-nhap-khau-chinh-hang-p32021887.html?spid=32036157&src=category-page-1789&2hi=0
Điện Thoại Oppo A12 (4GB/64GB) - Hàng Chính Hãng,3.090.000đ,-23%,/dien-thoai-oppo-a12-4gb-64gb-hang-chinh-hang-p53827217.html?spid=53827221&src=category-page-1789&2hi=0
iPad 10.2 Inch WiFi 128GB New 2019 - Hàng  Chính Hãng,10.990.000đ,-8%,/ipad-10-2-inch-wifi-128gb-new-2019-hang-chinh-hang-p54438922.html?spid=54438924&src=category-page-1789&2hi=0
Điện Thoại Nokia 210 - Hàng Chính Hãng,720.000đ,-8%,/dien-thoai-nokia-210-hang-chinh-hang-p12628815.html?spid=12628817&src=category-page-1789&2hi=0
"Ulefone Armor X ( chống nước,chống va đập,pin 5.000mAh ) hàng chính hãng",2.990.000đ,-25%,/ulefone-armor-x-chong-nuoc-chong-va-dap-pin-5-500mah-hang-chinh-hang-p29931445.html?spid=29931447&src=category-page-1789&2hi=0
Điện Thoại OPPO Reno 2  - Hàng Chính Hãng,9.450.000đ,-37%,/dien-thoai-oppo-reno-2-hang-chinh-hang-p35729879.html?spid=35729883&src=category-page-1789&2hi=0
Điện Thoại  Realme 6 PRO (8GB/128G) - Hàng Chính Hãng,7.250.000đ,-9%,/dien-thoai-realme-6-pro-8gb-128g-hang-chinh-hang-p52342728.html?spid=52342730&src=category-page-1789&2hi=0
Điện thoại Black shark 3 (8GB/128GB) - Hàng Nhập Khẩu,11.500.000đ,-14%,/dien-thoai-black-shark-3-8gb-128gb-hang-nhap-khau-p52729063.html?spid=52729064&src=category-page-1789&2hi=0
Điện Thoại Masstel Happy 10 - Hàng Chính Hãng,990.000đ,-48%,/dien-thoai-masstel-happy-10-hang-chinh-hang-p40744962.html?spid=47271266&src=category-page-1789&2hi=0
Điện thoại Itel S13 Pro - Hàng chính hãng ,1.350.000đ,-38%,/dien-thoai-itel-s13-pro-hang-chinh-hang-p7037139.html?spid=57054261&src=category-page-1789&2hi=0
Điện Thoại Di Động Blackberry Evolve - Hàng chính hãng,4.290.000đ,-46%,/dien-thoai-di-dong-blackberry-evolve-hang-chinh-hang-p10689868.html?spid=53453725&src=category-page-1789&2hi=0
Điện Thoại Xiaomi Redmi Note 8 Pro (6GB/128GB) - Hàng chính hãng,5.490.000đ,-45%,/dien-thoai-xiaomi-redmi-note-8-pro-6gb-128gb-hang-chinh-hang-p35965073.html?spid=36182024&src=category-page-1789&2hi=0
Điện Thoại Samsung Galaxy A31 (128GB/6GB) - Hàng Chính Hãng,5.290.000đ,-18%,/dien-thoai-samsung-galaxy-a31-128gb-6gb-hang-chinh-hang-p54700224.html?spid=54887590&src=category-page-1789&2hi=0
Điện thoại Energizer E12 - Hàng Chính Hãng,281.000đ,-44%,/dien-thoai-energizer-e12-hang-chinh-hang-p49722374.html?spid=52874186&src=category-page-1789&2hi=0
iPad Mini 5 Wi-Fi 64GB - Hàng Nhập Khẩu,9.370.000đ,-22%,/ipad-mini-5-wi-fi-64gb-hang-nhap-khau-p37299479.html?spid=55797578&src=category-page-1789&2hi=0
Điện Thoại Realme XT (8GB/128GB) - Hàng Chính Hãng,5.450.000đ,-32%,/dien-thoai-realme-xt-8gb-128gb-hang-chinh-hang-p48653976.html?spid=48653978&src=category-page-1789&2hi=0
Máy Tính Bảng Samsung Galaxy Tab S6 Lite (SM-P615N) - Hàng Chính Hãng,8.790.000đ,-12%,/may-tinh-bang-samsung-galaxy-tab-s6-lite-sm-p615n-hang-chinh-hang-p53654257.html?spid=57913587&src=category-page-1789&2hi=0
Điện Thoại Samsung Galaxy A10s (32GB/2GB) - Hàng Chính Hãng - Đã Kích Hoạt Bảo Hành Điện Tử,2.750.000đ,-25%,/dien-thoai-samsung-galaxy-a10s-32gb-2gb-hang-chinh-hang-da-kich-hoat-bao-hanh-dien-tu-p29396058.html?spid=34259311&src=category-page-1789&2hi=0
Điện Thoại  Realme 6 ( 4GB/128GB)- Hàng Chính Hãng,5.390.000đ,-10%,/dien-thoai-realme-6-4gb-128gb-hang-chinh-hang-p52341154.html?spid=52341156&src=category-page-1789&2hi=0
Điện Thoại Samsung Galaxy Note 10 Lite (128GB/8GB) - Hàng Chính Hãng,13.990.000đ,Khong giam,/dien-thoai-samsung-galaxy-note-10-lite-128gb-8gb-hang-chinh-hang-p48290403.html?spid=48268825&src=category-page-1789&2hi=0
"Điện thoại Xiaomi Mi Note 10 Lite (Global version, Nguyên seal, Có sẵn Tiếng Việt không cần cài đặt) - Hàng nhập khẩu ",7.490.000đ,-17%,/dien-thoai-xiaomi-mi-note-10-lite-global-version-nguyen-seal-co-san-tieng-viet-khong-can-cai-dat-hang-nhap-khau-p54449475.html?spid=54449487&src=category-page-1789&2hi=0
Điện Thoại OPPO A5 2020 (64GB/3GB) - Hàng Chính Hãng,3.490.000đ,-19%,/dien-thoai-oppo-a5-2020-64gb-3gb-hang-chinh-hang-p42704545.html?spid=48999860&src=category-page-1789&2hi=0
Điện Thoại Wiko View 3 Lite (2GB/32GB) - Hàng chính hãng,1.690.000đ,-32%,/dien-thoai-wiko-view-3-lite-hang-chinh-hang-p39658607.html?spid=39658609&src=category-page-1789&2hi=0
Điện Thoại Smartphone DXD 20Pro Hàng Chính Hãng,1.090.000đ,-22%,/dien-thoai-smartphone-dxd-20pro-hang-chinh-hang-p55518608.html?spid=55518614&src=category-page-1789&2hi=0
Máy Đọc Sách Kindle Paperwhite Gen 10 -  Hàng Mỹ,2.850.000đ,-32%,/may-doc-sach-kindle-paperwhite-gen-10-hang-my-p11254535.html?spid=48656856&src=category-page-1789&2hi=0
Máy Đọc Sách Kindle PaperWhite Gen 10 - 2019 (32GB) - Hàng Nhập Khẩu,3.669.000đ,-25%,/may-doc-sach-kindle-paperwhite-gen-10-2019-32gb-hang-nhap-khau-p28624284.html?spid=35277253&src=category-page-1789&2hi=0
Điện Thoại OPPO K3 (64G/6GB) - Hàng Chính Hãng ,4.950.000đ,-29%,/dien-thoai-oppo-k3-64g-6gb-hang-chinh-hang-p24267006.html?spid=24267010&src=category-page-1789&2hi=0
Điện Thoại Masstel F50 - Hàng Chính Hãng,399.000đ,-32%,/dien-thoai-masstel-f50-hang-chinh-hang-p26487851.html?spid=46233209&src=category-page-1789&2hi=0
Điện thoại bàn không dây Panasonic KX-TGB110-Hàng Chính Hãng,589.000đ,-39%,/dien-thoai-ban-khong-day-panasonic-kx-tgb110-hang-chinh-hang-p11251951.html?spid=54693736&src=category-page-1789&2hi=0
Điện Thoại Realme 6I (4GB/128G) - Hàng Chính Hãng ,3.990.000đ,-20%,/dien-thoai-realme-6i-4gb-128g-hang-chinh-hang-p54058645.html?spid=54058789&src=category-page-1789&2hi=0
Máy Tính Bảng Masstel Tab 10 Pro - Hàng Chính Hãng,2.290.000đ,-18%,/may-tinh-bang-masstel-tab-10-pro-hang-chinh-hang-p32937961.html?spid=46009438&src=category-page-1789&2hi=0
Điện Thoại Nokia 230 Dual SIM - Hàng Chính Hãng,1.160.000đ,-17%,/dien-thoai-nokia-230-dual-sim-hang-chinh-hang-p177294.html?spid=177302&src=category-page-1789&2hi=0
Điện thoại bàn Không Dây Lắp Sim Homephone Hp1002c,850.000đ,-14%,/dien-thoai-ban-khong-day-lap-sim-homephone-hp1002c-p11802138.html?spid=11802140&src=category-page-1789&2hi=0
Máy Đọc Sách Onyx Boox Nova Pro - Đen - Hàng Chính Hãng,6.290.000đ,-21%,/may-doc-sach-onyx-boox-nova-pro-den-hang-chinh-hang-p20578042.html?spid=50304516&src=category-page-1789&2hi=0
Điện Thoại Samsung Galaxy M31 (128GB/6GB) - Hàng Chính Hãng,5.990.000đ,-8%,/dien-thoai-samsung-galaxy-m31-128gb-6gb-hang-chinh-hang-p58259141.html?spid=58259145&src=category-page-1789&2hi=0
Điện thoại trẻ em MKIDS - Hàng chính hãng của Viettel,400.000đ,-43%,/dien-thoai-tre-em-mkids-hang-chinh-hang-cua-viettel-p1985993.html?spid=1986001&src=category-page-1789&2hi=0
Điện Thoại OPPO RENO 3 Pro (8GB/256GB) - Hàng Chính Hãng,9.990.000đ,-33%,/dien-thoai-oppo-reno-3-pro-8gb-256gb-hang-chinh-hang-p54028954.html?spid=54028956&src=category-page-1789&2hi=0
Điện Thoại Samsung Galaxy A21s - Hàng Chính Hãng,3.890.000đ,-17%,/dien-thoai-samsung-galaxy-a21s-hang-chinh-hang-p56025835.html?spid=58570030&src=category-page-1789&2hi=0
Điện Thoại Bàn Panasonic KX-TS500MX - Hàng Chính Hãng,233.697đ,-48%,/dien-thoai-ban-panasonic-kx-ts500mx-hang-chinh-hang-p11213994.html?spid=20771085&src=category-page-1789&2hi=0
Điện thoại Xiaomi Redmi 8 (3GB/32GB) - Hàng Chính Hãng - Đen,2.580.000đ,-35%,/dien-thoai-xiaomi-redmi-8-3gb-32gb-hang-chinh-hang-p49717346.html?spid=56090917&src=category-page-1789&2hi=0
Điện Thoại Xiaomi Poco Phone F2 Pro - Hàng Chính Hãng,12.490.000đ,Khong giam,/dien-thoai-xiaomi-poco-phone-f2-pro-hang-chinh-hang-p55726714.html?spid=55726716&src=category-page-1789&2hi=0
Điện Thoại Vivo Y19 (128GB/6GB) - Hàng Chính Hãng,4.390.000đ,-12%,/dien-thoai-vivo-y19-128gb-6gb-hang-chinh-hang-p39033996.html?spid=39033998&src=category-page-1789&2hi=0
Điện thoại di động GSM MAXX N1110(2018) - Hàng Nhập Khẩu,109.000đ,-56%,/dien-thoai-di-dong-gsm-maxx-n1110-2018-hang-nhap-khau-p2552687.html?spid=55988342&src=category-page-1789&2hi=0
Máy Tính Bảng Kindle Fire HD8 (8th) 16GB (2019) - Hàng Nhập Khẩu,1.729.000đ,-42%,/may-tinh-bang-kindle-fire-hd8-8th-16gb-2019-hang-nhap-khau-p20560292.html?spid=13597805&src=category-page-1789&2hi=0
iPad 10.2 Inch WiFi/Cellular 128GB New 2019 - Hàng Nhập Khẩu Chính Hãng,13.990.000đ,-13%,/ipad-10-2-inch-wifi-cellular-128gb-new-2019-hang-nhap-khau-chinh-hang-p32648374.html?spid=32648380&src=category-page-1789&2hi=0
iPad Mini 5 Wi-Fi 256GB - Hàng Nhập Khẩu Chính Hãng,13.990.000đ,-7%,/ipad-mini-5-wi-fi-256gb-hang-nhap-khau-chinh-hang-p12421267.html?spid=12421271&src=category-page-1789&2hi=0
Điện thoại Mobell C106 - Hàng chính hãng,149.000đ,-25%,/dien-thoai-mobell-c106-hang-chinh-hang-p48484050.html?spid=50219195&src=category-page-1789&2hi=0
Điện thoại bàn không dây Panasonic KX-TGB112 - Hàng Chính Hãng,895.000đ,-46%,/dien-thoai-ban-khong-day-panasonic-kx-tgb112-hang-chinh-hang-p11251743.html?spid=49302156&src=category-page-1789&2hi=0
Điện Thoại Blackberry Key2 LE - Hàng Chính Hãng,6.990.000đ,-41%,/dien-thoai-blackberry-key2-le-hang-chinh-hang-p6388491.html?spid=53454291&src=category-page-1789&2hi=0
Điện Thoại Mobell Rock1- Hàng Chính Hãng,299.000đ,-29%,/dien-thoai-mobell-rock1-hang-chinh-hang-p13861313.html?spid=58434378&src=category-page-1789&2hi=0
Combo Điện Thoại Black Shark 2 Pro Quốc Tế (8GB/128GB) + Tay Cầm Trái Black Shark 2.0 - Hàng Chính Hãng,11.700.000đ,-22%,/combo-dien-thoai-black-shark-2-pro-quoc-te-8gb-128gb-tay-cam-trai-black-shark-2-0-hang-chinh-hang-p33139534.html?spid=33139538&src=category-page-1789&2hi=0
iPad 10.2 Inch WiFi/Cellular 32GB New 2019 - Hàng Nhập Khẩu Chính Hãng,11.490.000đ,-4%,/ipad-10-2-inch-wifi-cellular-32gb-new-2019-hang-nhap-khau-chinh-hang-p32648364.html?spid=32648372&src=category-page-1789&2hi=0
Điện Thoại Samsung Galaxy S10 (128GB/8GB) - Hàng Chính Hãng - Đã Kích Hoạt Bảo Hành Điện Tử,10.990.000đ,-48%,/dien-thoai-samsung-galaxy-s10-128gb-8gb-hang-chinh-hang-da-kich-hoat-bao-hanh-dien-tu-p12206713.html?spid=33895390&src=category-page-1789&2hi=0
Điện Thoại Masstel iZi 100 - Hàng Chính Hãng,190.000đ,-24%,/dien-thoai-masstel-izi-100-hang-chinh-hang-p2130371.html?spid=47141895&src=category-page-1789&2hi=0
Điện Thoại iPhone  SE 256G ( 2020)  - Hàng  Chính Hãng,14.990.000đ,-14%,/dien-thoai-iphone-se-256g-2020-hang-chinh-hang-p53115460.html?spid=53115462&src=category-page-1789&2hi=0
Điện thoại Energizer Power Max P20 kiêm sạc dự phòng - Hàng chính hãng,572.000đ,-29%,/dien-thoai-energizer-power-max-p20-kiem-sac-du-phong-hang-chinh-hang-p54637084.html?spid=54637089&src=category-page-1789&2hi=0
Điện Thoại Itel IT2163 - Hàng Chính Hãng,209.000đ,Khong giam,/dien-thoai-itel-it2163-hang-chinh-hang-p23105940.html?spid=55890014&src=category-page-1789&2hi=0
Điện Thoại iPhone SE 128G ( 2020) - Hàng Nhập Khẩu,11.749.000đ,-22%,/dien-thoai-iphone-se-128g-2020-hang-nhap-khau-p53513450.html?spid=53513454&src=category-page-1789&2hi=0
Điện Thoại Mobell C206 - Hàng Chính Hãng,179.000đ,-10%,/dien-thoai-mobell-c206-hang-chinh-hang-p23285218.html?spid=48274301&src=category-page-1789&2hi=0
Điện Thoại Bàn Panasonic KX-TSC11 - Hàng Chính Hãng,469.000đ,-15%,/dien-thoai-ban-panasonic-kx-tsc11-hang-chinh-hang-p4048581.html?spid=54001660&src=category-page-1789&2hi=0
Máy đọc sách Amazon Kindle Oasis 2 - dung lượng 32gb - Chính hãng Amazon - Hàng nhập khẩu,5.650.000đ,-34%,/may-doc-sach-amazon-kindle-oasis-2-dung-luong-32gb-chinh-hang-amazon-hang-nhap-khau-p43865002.html?spid=43865004&src=category-page-1789&2hi=0
iPad Mini 5 Wi-Fi + Cellular 64GB - Hàng Nhập Khẩu Chính Hãng,13.990.000đ,-7%,/ipad-mini-5-wi-fi-cellular-64gb-hang-nhap-khau-chinh-hang-p12395649.html?spid=12395651&src=category-page-1789&2hi=0
Điện thoại Vivo Y30 (4GB/128GB) - Hàng chính hãng,4.490.000đ,-10%,/dien-thoai-vivo-y30-4gb-128gb-hang-chinh-hang-p56363285.html?spid=56363287&src=category-page-1789&2hi=0
Điện thoại Energizer E100 -Hàng  Chính Hãng,475.000đ,-41%,/dien-thoai-energizer-e100-hang-chinh-hang-p49541097.html?spid=52874139&src=category-page-1789&2hi=0
Điện Thoại Vivo S1 Pro (8GB/128GB) - Hàng chính hãng,6.090.000đ,-13%,/dien-thoai-vivo-s1-pro-8gb-128gb-hang-chinh-hang-p44147702.html?spid=44147704&src=category-page-1789&2hi=0
Điện thoại Energizer E20 -Hàng Chính Hãng,631.000đ,-30%,/dien-thoai-energizer-e20-hang-chinh-hang-p54632975.html?spid=54632976&src=category-page-1789&2hi=0
Điện thoại Xiaomi Redmi Note 9 (3GB/64GB) - Hàng Chính Hãng + Cục Sạc Dự Phòng Xiaomi PB 10.000mah,3.990.000đ,-25%,/dien-thoai-xiaomi-redmi-note-9-3gb-64gb-hang-chinh-hang-cuc-sac-du-phong-xiaomi-pb-10-000mah-p56116696.html?spid=56116700&src=category-page-1789&2hi=0
Điện thoại di động Forme D777 - Hàng Chính Hãng,399.000đ,Khong giam,/dien-thoai-di-dong-forme-d777-hang-chinh-hang-p9727985.html?spid=9727987&src=category-page-1789&2hi=0
Điện thoại di động GSM Vtel C2 - Hàng chính hãng,195.000đ,-11%,/dien-thoai-di-dong-gsm-vtel-c2-hang-chinh-hang-p40350394.html?spid=49260670&src=category-page-1789&2hi=0
Máy Tính Bảng Samsung Galaxy Tab A 8 Plus P205N 2019 - Hàng Chính Hãng,6.790.000đ,-3%,/may-tinh-bang-samsung-galaxy-tab-a-8-plus-p205n-2019-hang-chinh-hang-p15224447.html?spid=15224451&src=category-page-1789&2hi=0
Máy đọc sách Kindle PaperWhite 2018 gen 4 (10th) - Bản 32 GB - Hàng chính hãng,3.399.000đ,-24%,/may-doc-sach-kindle-paperwhite-2018-gen-4-10th-ban-32-gb-hang-chinh-hang-p6598039.html?spid=15194222&src=category-page-1789&2hi=0
Điện Thoại Nokia 800 Tough (2019) - Hàng Chính Hãng,1.990.000đ,-20%,/dien-thoai-nokia-800-tough-2019-hang-chinh-hang-p35059800.html?spid=35262913&src=category-page-1789&2hi=0
Điện thoại bàn không dây Panasonic KX-TGD310 - Hàng Chính Hãng,932.000đ,-50%,/dien-thoai-ban-khong-day-panasonic-kx-tgd310-hang-chinh-hang-p11251770.html?spid=52328492&src=category-page-1789&2hi=0
Điện thoại Black shark 3 (8GB/128GB) - Hàng QUỐC TẾ CHÍNH HÃNG,14.490.000đ,-3%,/dien-thoai-black-shark-3-8gb-128gb-hang-quoc-te-chinh-hang-p56519259.html?spid=56519260&src=category-page-1789&2hi=0
Điện Thoại Itel A16 Plus - Hàng Chính Hãng,990.000đ,-17%,/dien-thoai-itel-a16-plus-hang-chinh-hang-p15286472.html?spid=51234528&src=category-page-1789&2hi=0
Điện thoại Mobell M889 - Hàng chính hãng,379.000đ,-5%,/dien-thoai-mobell-m889-hang-chinh-hang-p53245077.html?spid=53245079&src=category-page-1789&2hi=0
Điện Thoại Samsung Galaxy A50s (64GB/4GB) - Hàng Chính Hãng,5.290.000đ,-24%,/dien-thoai-samsung-galaxy-a50s-64gb-4gb-hang-chinh-hang-p29964500.html?spid=53704699&src=category-page-1789&2hi=0
Điện thoại Meizu C9 (Tặng kèm ốp lưng) - Hàng chính hãng,1.200.000đ,-40%,/dien-thoai-meizu-c9-tang-kem-op-lung-hang-chinh-hang-p14651348.html?spid=58208139&src=category-page-1789&2hi=0
Điện Thoại Wiko View 4 Lite (2GB/64GB) - Hàng chính hãng,1.990.000đ,-20%,/dien-thoai-wiko-view-4-lite-2gb-64gb-hang-chinh-hang-p55027792.html?spid=55027794&src=category-page-1789&2hi=0
"Điện thoại Oukitel WP2 chống nước,chống va đập, pin 10.000 mAh - Hàng chính hãng",5.790.000đ,-23%,/dien-thoai-oukitel-wp2-chong-nuoc-chong-va-dap-pin-10-000-mah-hang-chinh-hang-p37289936.html?spid=37289962&src=category-page-1789&2hi=0
"Thần Thoại Hy Lạp - Chuyện Về Các Vị Nam Thần , Nữ Thần , Anh Hùng Và Ác Quỷ",168.300đ,-15%,/than-thoai-hy-lap-chuyen-ve-cac-vi-nam-than-nu-than-anh-hung-va-ac-quy-p476199.html?spid=186444&src=category-page-1789&2hi=0
 Máy Tính Bảng Samsung Galaxy Tab A 8 Plus P205N 2019 - Hàng Chính Hãng (Đã Kích Hoạt) Bảo Hành 12 Tháng,6.990.000đ,Khong giam,/may-tinh-bang-samsung-galaxy-tab-a-8-plus-p205n-2019-hang-chinh-hang-da-kich-hoat-bao-hanh-12-thang-p56312920.html?spid=57217373&src=category-page-1789&2hi=0
Điện Thoại Wiko Y60 (1GB/16GB) - Hàng chính hãng,1.099.000đ,-21%,/dien-thoai-wiko-y60-hang-chinh-hang-p37601844.html?spid=37601846&src=category-page-1789&2hi=0
Điện thoại bàn không dây Panasonic KX-TGF310 - Hàng Chính Hãng,1.699.000đ,-32%,/dien-thoai-ban-khong-day-panasonic-kx-tgf310-hang-chinh-hang-p21317020.html?spid=52328225&src=category-page-1789&2hi=0
Mày tính bảng Samsung Galaxy Tab S6 (6GB/128GB) - Hàng chính hãng,15.990.000đ,-14%,/may-tinh-bang-samsung-galaxy-tab-s6-6gb-128gb-hang-chinh-hang-p36651420.html?spid=41501369&src=category-page-1789&2hi=0
Điện Thoại Nokia 210 - Hàng Chính Hãng,719.000đ,-8%,/dien-thoai-nokia-210-hang-chinh-hang-p12539362.html?spid=13886343&src=category-page-1789&2hi=0
iPad Pro 11 inch (2018) 256GB Wifi - Hàng Nhập Khẩu Chính Hãng,22.490.000đ,-17%,/ipad-pro-11-inch-2018-256gb-wifi-hang-nhap-khau-chinh-hang-p6878273.html?spid=6878277&src=category-page-1789&2hi=0
Điện Thoại Masstel Izi 120 - Hàng Chính Hãng,169.000đ,-43%,/dien-thoai-masstel-izi-120-hang-chinh-hang-p14647608.html?spid=58301807&src=category-page-1789&2hi=0
Điện Thoại Bavapen B28 - Hàng Chính Hãng,231.000đ,-46%,/dien-thoai-bavapen-b28-hang-chinh-hang-p17533618.html?spid=55962218&src=category-page-1789&2hi=0
Điện Thoại iPhone 11 Pro Max 512GB - Hàng Nhập Khẩu,32.199.000đ,-31%,/dien-thoai-iphone-11-pro-max-512gb-hang-nhap-khau-p33858454.html?spid=53990999&src=category-page-1789&2hi=0
Điện thoại bàn có dây Panasonic KX-TS560MX - Hàng chính hãng,520.000đ,-26%,/dien-thoai-ban-co-day-panasonic-kx-ts560mx-hang-chinh-hang-p11376644.html?spid=52614223&src=category-page-1789&2hi=0
iPad Air 10.5 WiFi + Cellular 256GB New 2019 -  Nhập Khẩu Chính Hãng,17.990.000đ,-14%,/ipad-air-10-5-wifi-cellular-256gb-new-2019-nhap-khau-chinh-hang-p12410986.html?spid=12410991&src=category-page-1789&2hi=0
iPad Pro 11 inch (2018) 256GB Wifi Cellular - Nhập Khẩu Chính Hãng,23.990.000đ,-27%,/ipad-pro-11-inch-2018-256gb-wifi-cellular-nhap-khau-chinh-hang-p6878303.html?spid=6878307&src=category-page-1789&2hi=0
Điện Thoại Bàn Panasonic KX-T7700X - Hàng Chính Hãng,278.000đ,-13%,/dien-thoai-ban-panasonic-kx-t7700x-hang-chinh-hang-p30191778.html?spid=58196338&src=category-page-1789&2hi=0
Máy Tính Bảng Mobell Tab 7S (8GB) - Hàng Chính Hãng,1.390.000đ,-30%,/may-tinh-bang-mobell-tab-7s-8gb-hang-chinh-hang-p625684.html?spid=11588563&src=category-page-1789&2hi=0
Điện thoại không dây Panasonic KX-TGC212 - Hàng Chính Hãng,1.196.000đ,-33%,/dien-thoai-khong-day-panasonic-kx-tgc212-hang-chinh-hang-p21465183.html?spid=58196966&src=category-page-1789&2hi=0
iPad 10.2 Inch WiFi 128GB New 2019 - Hàng Nhập Khẩu ,10.750.000đ,-17%,/ipad-10-2-inch-wifi-128gb-new-2019-hang-nhap-khau-p37292125.html?spid=52696060&src=category-page-1789&2hi=0
Điện Thoại Bàn Cố Định Không Dây Lắp Sim,450.000đ,-34%,/dien-thoai-ban-co-dinh-khong-day-lap-sim-p31261844.html?spid=42255072&src=category-page-1789&2hi=0
Điện Thoại BlackBerry KEYone (Silver) - Hàng Chính Hãng,5.790.000đ,-61%,/dien-thoai-blackberry-keyone-silver-hang-chinh-hang-p871834.html?spid=53687261&src=category-page-1789&2hi=0
Điện thoại Vivo U10 (4GB/64GB) - Hàng chính hãng,3.590.000đ,-10%,/dien-thoai-vivo-u10-4gb-64gb-hang-chinh-hang-p48524585.html?spid=48524587&src=category-page-1789&2hi=0
Điện thoại Mobell M118 - Hàng Nhập Khẩu,189.000đ,-24%,/dien-thoai-mobell-m118-hang-nhap-khau-p21294045.html?spid=11586943&src=category-page-1789&2hi=0
"Điện thoại Forme Duos 1900, màn hình 2.8inch, pin 1900mAh, font chữ lớn - Phân phối chính hãng",310.000đ,-14%,/dien-thoai-forme-duos-1900-man-hinh-2-8inch-pin-1900mah-font-chu-lon-phan-phoi-chinh-hang-p47994410.html?spid=47994414&src=category-page-1789&2hi=0
Điện thoại Cố định Nippon NP-1201-Hàng Chính Hãng,154.000đ,-42%,/die-n-thoa-i-co-di-nh-nippon-np-1201-hang-chinh-hang-p11489374.html?spid=11489376&src=category-page-1789&2hi=0
Điện thoại di động GSM Vtel C1 - Hàng chính hãng,179.000đ,-15%,/dien-thoai-di-dong-gsm-vtel-c1-hang-chinh-hang-p40348221.html?spid=40348223&src=category-page-1789&2hi=0
Điện Thoại Masstel Spinner - Hãng Chính Hãng,349.000đ,-30%,/dien-thoai-masstel-spinner-hang-chinh-hang-p856051.html?spid=1743673&src=category-page-1789&2hi=0
ĐIỆN THOẠI TÂN CỔ ĐIỂN mã  DT14 bàn phím quay dùng sim di động nghe gọi âm thanh rõ ràng (điện thoại bàn tân cổ điển),4.900.000đ,Khong giam,/dien-thoai-tan-co-dien-ma-dt14-ban-phim-quay-dung-sim-di-dong-nghe-goi-am-thanh-ro-rang-dien-thoai-ban-tan-co-dien-p54683561.html?spid=54683562&src=category-page-1789&2hi=0
Điện Thoại Masstel  Lux Mini - Hàng Chính Hãng,329.000đ,-33%,/dien-thoai-masstel-lux-mini-hang-chinh-hang-p20007977.html?spid=20243303&src=category-page-1789&2hi=0
Apple iPad Air 3 New 2019  Wifi - Hàng Nhập Khẩu,12.299.000đ,-18%,/apple-ipad-air-3-new-2019-wifi-hang-nhap-khau-p35538176.html?spid=23088336&src=category-page-1789&2hi=0
Điện Thoại Vivo Y91 - Hàng Chính Hãng,3.398.000đ,-24%,/dien-thoai-vivo-y91-hang-chinh-hang-p8543277.html?spid=8543281&src=category-page-1789&2hi=0
Điện thoại di động Bird P1 - Hàng Chính Hãng,425.000đ,-34%,/dien-thoai-di-dong-bird-p1-hang-chinh-hang-p34567934.html?spid=34567936&src=category-page-1789&2hi=0
Điện Thoại Cố Định Panasonic KX-TS580MX - Hàng chính hãng,680.000đ,-9%,/dien-thoai-co-dinh-panasonic-kx-ts580mx-hang-chinh-hang-p11415485.html?spid=56865820&src=category-page-1789&2hi=0
  Điện Thoại Cố Định Panasonic KX T37 CID - Hàng Chính Hãng,350.000đ,-46%,/dien-thoai-co-dinh-panasonic-kx-t37-cid-hang-chinh-hang-p41273376.html?spid=41273377&src=category-page-1789&2hi=0
Điện thoại bàn không dây Panasonic KX-TGC310,783.000đ,Khong giam,/dien-thoai-ban-khong-day-panasonic-kx-tgc310-p3702635.html?spid=54694278&src=category-page-1789&2hi=0
Điện Thoại Để Bàn Panasonic KX-TS500MX - Hàng Chính Hãng,235.697đ,-45%,/dien-thoai-de-ban-panasonic-kx-ts500mx-hang-chinh-hang-p23865953.html?spid=23865954&src=category-page-1789&2hi=0
Điện Thoại Bphone 3 Pro - Hàng Chính Hãng,9.990.000đ,Khong giam,/dien-thoai-bphone-3-pro-hang-chinh-hang-p5875295.html?spid=5875303&src=category-page-1789&2hi=0
Điện Thoại M-Power A18Mini - Hàng Chính Hãng,279.000đ,-26%,/dien-thoai-m-power-a18mini-hang-chinh-hang-p7357967.html?spid=7529653&src=category-page-1789&2hi=0
Điện Thoại Mobell M217 - Hàng Chính Hãng,169.000đ,-11%,/dien-thoai-mobell-m217-hang-chinh-hang-p25125941.html?spid=30709265&src=category-page-1789&2hi=0
Điện Thoại Masstel IZI 109 - Hàng Chính Hãng,190.000đ,-46%,/dien-thoai-masstel-izi-109-hang-chinh-hang-p19921926.html?spid=46059289&src=category-page-1789&2hi=0
Điện thoại di động GSM Maxx N6610 màn hình 2.4 inch - Hàng Nhập Khẩu,199.000đ,-49%,/dien-thoai-di-dong-gsm-maxx-n6610-man-hinh-2-4-inch-hang-nhap-khau-p2640471.html?spid=2799709&src=category-page-1789&2hi=0
Điện Thoại Masstel Fami 9 - Hàng Chính Hãng - Đen,329.000đ,-18%,/dien-thoai-masstel-fami-9-hang-chinh-hang-den-p25100431.html?spid=58244836&src=category-page-1789&2hi=0
Máy Đọc Sách Onyx Boox Poke 2 - Hàng Chính Hãng,4.890.000đ,-13%,/may-doc-sach-onyx-boox-poke-2-hang-chinh-hang-p57864334.html?spid=57864335&src=category-page-1789&2hi=0
iPad Pro 11 inch (2018) 64GB Wifi Cellular - Hàng Nhập Khẩu Chính Hãng,21.990.000đ,-21%,/ipad-pro-11-inch-2018-64gb-wifi-cellular-hang-nhap-khau-chinh-hang-p6878293.html?spid=6878297&src=category-page-1789&2hi=0
Điện thoại Wiko Jerry 4 - Hàng Chính Hãng,1.270.000đ,-29%,/dien-thoai-wiko-jerry-4-hang-chinh-hang-p19912999.html?spid=45902323&src=category-page-1789&2hi=0
Điện Thoại BlackBerry KEYone Black Edition (Đen) - Hàng Chính Hãng,6.790.000đ,-58%,/dien-thoai-blackberry-keyone-black-edition-den-hang-chinh-hang-p799377.html?spid=53650706&src=category-page-1789&2hi=0
iPad 10.2 Inch WiFi/Cellular 128GB New 2019 - Hàng  Chính Hãng,14.490.000đ,-3%,/ipad-10-2-inch-wifi-cellular-128gb-new-2019-hang-chinh-hang-p55148130.html?spid=55148132&src=category-page-1789&2hi=0
Điện Thoại Vivo Y50 (8GB/128GB) - Hàng Chính Hãng,5.790.000đ,-8%,/dien-thoai-vivo-y50-8gb-128gb-hang-chinh-hang-p53833095.html?spid=53833098&src=category-page-1789&2hi=0
Điện Thoại IP-Phone Yealink Sip T19 E2 - Hàng Chính Hãng,890.000đ,-33%,/dien-thoai-ip-phone-yealink-sip-t19-e2-hang-chinh-hang-p41239825.html?spid=41239826&src=category-page-1789&2hi=0
Điện Thoại Bàn Panasonic KX-TGB110 (Đen) - Hàng Chính Hãng,599.000đ,-21%,/dien-thoai-ban-panasonic-kx-tgb110-den-hang-chinh-hang-p4048605.html?spid=54693995&src=category-page-1789&2hi=0
Điện thoại THTphone A8,349.000đ,-50%,/dien-thoai-thtphone-a8-p9799424.html?spid=9799428&src=category-page-1789&2hi=0
Điện Thoại Vivo Y81 - Hàng Chính Hãng,3.490.000đ,-30%,/dien-thoai-vivo-y81-hang-chinh-hang-p3003545.html?spid=3003549&src=category-page-1789&2hi=0
Điện Thoại Di Động Forme D555+ - Hàng Chính Hãng,290.000đ,-14%,/dien-thoai-di-dong-forme-d555-hang-chinh-hang-p9363638.html?spid=9725498&src=category-page-1789&2hi=0
Nokia 110 Dual Sim (2019) - Xanh - Hàng chính hãng,440.000đ,-6%,/nokia-110-dual-sim-2019-xanh-hang-chinh-hang-p35532358.html?spid=46218786&src=category-page-1789&2hi=0
Điện Thoại THTphone A1,279.000đ,-44%,/dien-thoai-thtphone-a1-p9796817.html?spid=9796821&src=category-page-1789&2hi=0
Điện Thoại Blackberry KEY2 - Hàng Chính Hãng,14.790.000đ,-18%,/dien-thoai-blackberry-key2-hang-chinh-hang-p2570827.html?spid=53498515&src=category-page-1789&2hi=0
Điện Thoại Bàn Không Dây Panasonic KX-TGC410 - Hàng Chính Hãng,868.000đ,-50%,/dien-thoai-ban-khong-day-panasonic-kx-tgc410-hang-chinh-hang-p21317030.html?spid=52328088&src=category-page-1789&2hi=0
Điện Thoại Vivo V19 (8GB/128GB) - Hàng Chính Hãng,8.590.000đ,-4%,/dien-thoai-vivo-v19-8gb-128gb-hang-chinh-hang-p53833081.html?spid=53833084&src=category-page-1789&2hi=0
"Điện thoại bàn cố định không dây lắp các loại sim cố định, di động Viettel, Mobi, Vina...",799.000đ,-47%,/dien-thoai-ban-co-dinh-khong-day-lap-cac-loai-sim-co-dinh-di-dong-viettel-mobi-vina-p38309582.html?spid=38318737&src=category-page-1789&2hi=0
Điện Thoại Di Động Forme L6  - Hàng Chính Hãng,345.000đ,-1%,/dien-thoai-di-dong-forme-l6-hang-chinh-hang-p13325515.html?spid=13325519&src=category-page-1789&2hi=0
Điện Thoại Masstel Fami 12 - Hàng Chính Hãng,429.000đ,-22%,/dien-thoai-masstel-fami-12-hang-chinh-hang-p871386.html?spid=57982886&src=category-page-1789&2hi=0
Điện Thoại iPhone XS 256GB - Hàng Nhập Khẩu,17.649.000đ,-50%,/dien-thoai-iphone-xs-256gb-hang-nhap-khau-p14913733.html?spid=6022479&src=category-page-1789&2hi=0
iPad 10.2 Inch WiFi/Cellular 32GB New 2019 - Hàng  Chính Hãng,12.490.000đ,-4%,/ipad-10-2-inch-wifi-cellular-32gb-new-2019-hang-chinh-hang-p55148406.html?spid=55148408&src=category-page-1789&2hi=0
Điện thoại bàn không dây Panasonic KX-TGC412 - Hàng Chính Hãng,1.280.000đ,-31%,/dien-thoai-ban-khong-day-panasonic-kx-tgc412-hang-chinh-hang-p21466227.html?spid=49302127&src=category-page-1789&2hi=0
Điện Thoại Cố Định IP Phone Fanvil X1 - Hàng Chính Hãng,730.000đ,-23%,/dien-thoai-co-dinh-ip-phone-fanvil-x1-hang-chinh-hang-p41273594.html?spid=41273595&src=category-page-1789&2hi=0
iPad Pro 12.9 inch (2018) 512GB Wifi - Nhập Khẩu Chính Hãng,27.990.000đ,-24%,/ipad-pro-12-9-inch-2018-512gb-wifi-nhap-khau-chinh-hang-p6878353.html?spid=6878357&src=category-page-1789&2hi=0
Điện Thoại Di Động Forme F1  - Hàng Chính Hãng,275.000đ,-8%,/dien-thoai-di-dong-forme-f1-hang-chinh-hang-p8819213.html?spid=9725286&src=category-page-1789&2hi=0
iPad Pro 12.9 inch (2018) 512GB Wifi Cellular - Hàng Nhập Khẩu Chính Hãng,27.990.000đ,-36%,/ipad-pro-12-9-inch-2018-512gb-wifi-cellular-hang-nhap-khau-chinh-hang-p6878393.html?spid=6878397&src=category-page-1789&2hi=0
Điện Thoại Samsung Galaxy S20 Ultra - Hàng Chính Hãng - Đã Kích Hoạt Bảo Hành Điện Tử,20.969.000đ,-30%,/dien-thoai-samsung-galaxy-s20-ultra-hang-chinh-hang-da-kich-hoat-bao-hanh-dien-tu-p50340114.html?spid=50346781&src=category-page-1789&2hi=0
Điện Thoại Bàn Cố Định Không Dây Lắp Sim - Hàng Chính Hãng,450.000đ,-36%,/dien-thoai-ban-co-dinh-khong-day-lap-sim-hang-chinh-hang-p41232205.html?spid=41844985&src=category-page-1789&2hi=0
Điện thoại bàn màu đỏ KXT438,190.000đ,Khong giam,/die-n-thoa-i-ba-n-ma-u-do-kxt438-p55197731.html?spid=55197732&src=category-page-1789&2hi=0
ĐIỆN THOẠI BÀN PANASONIC KX TS820 - Hàng chính hãng,399.000đ,-39%,/dien-thoai-ban-panasonic-kx-ts820-hang-chinh-hang-p11375305.html?spid=52613937&src=category-page-1789&2hi=0
Điện Thoại Suntek Vicool V10 Kiêm Tai Nghe Bluetooth - Hàng Chính Hãng,790.000đ,-21%,/dien-thoai-suntek-vicool-v10-kiem-tai-nghe-bluetooth-hang-chinh-hang-p14566322.html?spid=14566324&src=category-page-1789&2hi=0
Điện Thoại Di Động Forme L6 Hồng - Hàng Chính Hãng,345.000đ,-1%,/dien-thoai-di-dong-forme-l6-hong-hang-chinh-hang-p8822674.html?spid=8822675&src=category-page-1789&2hi=0
Điện Thoại Bàn Panasonic KXTS 520 - Hàng Chính Hãng,345.000đ,-4%,/dien-thoai-ban-panasonic-kxts-520-hang-chinh-hang-p4059671.html?spid=36671794&src=category-page-1789&2hi=0
Điện thoại Masstel Izi 112 - Hàng chính hãng,175.000đ,-40%,/dien-thoai-masstel-izi-112-hang-chinh-hang-p22052301.html?spid=48522708&src=category-page-1789&2hi=0
Điện Thoại M-Power M22 - Hàng Chính Hãng,209.000đ,-25%,/dien-thoai-m-power-m22-hang-chinh-hang-p9857985.html?spid=9857987&src=category-page-1789&2hi=0
Máy đọc sách Kindle for kids - 2019,2.790.000đ,-7%,/may-doc-sach-kindle-for-kids-201-p54802325.html?spid=54802327&src=category-page-1789&2hi=0
Điện Thoại Bàn Panasonic KXTGC313CX - Hàng Chính Hãng,1.549.900đ,-21%,/dien-thoai-ban-panasonic-kxtgc313cx-hang-chinh-hang-p4064449.html?spid=37155820&src=category-page-1789&2hi=0
Điện Thoại Di Dộng M-Power M56 - Hàng Nhập Khẩu,219.000đ,-22%,/dien-thoai-di-dong-m-power-m56-hang-nhap-khau-p9365155.html?spid=9673171&src=category-page-1789&2hi=0
Máy Tính Bảng Samsung Galaxy A 8 Plus (Có S Pen) - Hàng Chính Hãng,6.990.000đ,Khong giam,/may-tinh-bang-samsung-galaxy-a-8-plus-co-s-pen-hang-chinh-hang-p13561036.html?spid=14311856&src=category-page-1789&2hi=0
Điện Thoại Di Động Forme Gorilla  - Hàng Chính Hãng,299.000đ,-17%,/dien-thoai-di-dong-forme-gorilla-hang-chinh-hang-p8820501.html?spid=9729320&src=category-page-1789&2hi=0
"Điện thoại Forme D10, MÀN HÌNH 2.0inch, CHỨC NĂNG GỌI KHẨN CẤP SOS, LOA TO, FONT CHỮ LỚN, PHÍM SỐ LỚN, FM KHÔNG DÂY - Hàng chính hãng",335.000đ,-3%,/dien-thoai-forme-d10-man-hinh-2-0inch-chuc-nang-goi-khan-cap-sos-loa-to-font-chu-lon-phim-so-lon-fm-khong-day-hang-chinh-hang-p54697472.html?spid=54697474&src=category-page-1789&2hi=0
Điện thoại bàn Homephone Viettel cầm tay - Hàng chính hãng,554.000đ,-44%,/dien-thoai-ban-homephone-viettel-cam-tay-hang-chinh-hang-p31469069.html?spid=47121269&src=category-page-1789&2hi=0
Điện thoại Bavapen B18 - Hàng Chính Hãng,200.000đ,-58%,/dien-thoai-bavapen-b18-hang-chinh-hang-p55961155.html?spid=55961163&src=category-page-1789&2hi=0
Điện Thoại Di Động Forme A5 - Hãng phân phối chính hãng,290.000đ,-25%,/dien-thoai-di-dong-forme-a5-hang-phan-phoi-chinh-hang-p16608046.html?spid=16608056&src=category-page-1789&2hi=0
Điện Thoại Suntek X68 - Hàng Chính Hãng,419.000đ,-30%,/dien-thoai-suntek-x68-hang-chinh-hang-p3560691.html?spid=3560695&src=category-page-1789&2hi=0
Máy Tính Bảng Kindle Fire 7 (9th) 16GB ( 2019)  Black- Hàng nhập Khẩu,1.300.000đ,-35%,/may-tinh-bang-kindle-fire-7-9th-16gb-2019-black-hang-nhap-khau-p21982057.html?spid=21982058&src=category-page-1789&2hi=0
Điện Thoại Masstel Izi 109 - Hàng Chính Hãng,189.000đ,-24%,/dien-thoai-masstel-izi-109-hang-chinh-hang-p14645571.html?spid=16683589&src=category-page-1789&2hi=0
Điện Thoại Vivo V11i - Hàng Chính Hãng,4.855.000đ,-19%,/dien-thoai-vivo-v11i-hang-chinh-hang-p4600083.html?spid=4600087&src=category-page-1789&2hi=0
Điện thoại bàn không dây Panasonic KX-TGF320 - Hàng Chính Hãng,1.809.000đ,-20%,/dien-thoai-ban-khong-day-panasonic-kx-tgf320-hang-chinh-hang-p11110653.html?spid=57941202&src=category-page-1789&2hi=0
Điện thoại Masstel Fami 9 Đen đỏ - Hàng chính hãng,345.000đ,-14%,/dien-thoai-masstel-fami-9-den-do-hang-chinh-hang-p49360016.html?spid=49360020&src=category-page-1789&2hi=0
Máy Tính Bảng Kindle Fire HD7 (9th) 16GB (2019) - Hàng Chính Hãng,1.290.000đ,-13%,/may-tinh-bang-kindle-fire-hd7-9th-16gb-2019-hang-chinh-hang-p24426548.html?spid=24426551&src=category-page-1789&2hi=0
Điện Thoại Vivo Y12 (32GB/3GB) - Hàng Chính Hãng,2.750.000đ,-19%,/dien-thoai-vivo-y12-32gb-3gb-hang-chinh-hang-p31542544.html?spid=52153189&src=category-page-1789&2hi=0
Điện thoại Masstel Izi 210 - Hàng chính hãng,245.000đ,-30%,/dien-thoai-masstel-izi-210-hang-chinh-hang-p48963931.html?spid=49453478&src=category-page-1789&2hi=0
"Điện thoại Ulefone power 6 (Ram 4GB/Rom 64Gb , màn hình giọt nước,pin 6350 mAh) - hàng chính hãng",3.990.000đ,-33%,/dien-thoai-ulefone-power-6-ram-4gb-rom-64gb-man-hinh-giot-nuoc-hang-chinh-hang-p21957501.html?spid=21957503&src=category-page-1789&2hi=0
"Điện thoại tân cổ điển để bàn mã DT4 màu trắng kết hợp vàng, chuông thanh bàn phím quay, dùng sim di động nghe gọi âm thanh tốt và để trang trí (Điện thoại bàn tân cổ điển)",2.900.000đ,Khong giam,/dien-thoai-tan-co-dien-de-ban-ma-dt4-mau-trang-ket-hop-vang-chuong-thanh-ban-phim-quay-dung-sim-di-dong-nghe-goi-am-thanh-tot-va-de-trang-tri-dien-thoai-ban-tan-co-dien-p54989813.html?spid=54989814&src=category-page-1789&2hi=0
Điện Thoại Bàn Panasonic KX-TS500MX - Panasonic KX-TS500MX Integrated Telephone System - Hàng chính hãng,237.697đ,-45%,/dien-thoai-ban-panasonic-kx-ts500mx-panasonic-kx-ts500mx-integrated-telephone-system-hang-chinh-hang-p31820638.html?spid=31820640&src=category-page-1789&2hi=0
Điện thoại Nokia 150 (2020) - Hàng chính hãng - Đen,610.000đ,-8%,/dien-thoai-nokia-150-2020-hang-chinh-hang-den-p58263379.html?spid=58263380&src=category-page-1789&2hi=0
Điện Thoại M-Power M81 - Hàng Chính Hãng,259.000đ,-13%,/dien-thoai-m-power-m81-hang-chinh-hang-p47971430.html?spid=47971432&src=category-page-1789&2hi=0
Điện thoại để bàn Panasonic KX-TS560 hàng chính hãng,533.000đ,-40%,/dien-thoai-de-ban-panasonic-kx-ts560-hang-chinh-hang-p16518032.html?spid=57142613&src=category-page-1789&2hi=0
Điện Thoại Suntek X9 - Hàng Chính Hãng,599.000đ,Khong giam,/dien-thoai-suntek-x9-hang-chinh-hang-p712283.html?spid=745131&src=category-page-1789&2hi=0
Điện thoại để bàn Panasonic KX-TS880 hàng chính hãng,788.000đ,-25%,/dien-thoai-de-ban-panasonic-kx-ts880-hang-chinh-hang-p16521748.html?spid=52614359&src=category-page-1789&2hi=0
Điện thoại bàn không dây Panasonic KX-TGD312 - Hàng Chính Hãng,1.372.000đ,-37%,/dien-thoai-ban-khong-day-panasonic-kx-tgd312-hang-chinh-hang-p11251711.html?spid=52328445&src=category-page-1789&2hi=0
Điện thoại kéo dài Panasonic KX-TGC210 - Hàng chính hãng,835.000đ,-33%,/dien-thoai-keo-dai-panasonic-kx-tgc210-hang-chinh-hang-p11251935.html?spid=49302109&src=category-page-1789&2hi=0
Điện thoại Panasonic KX-TS520MX - Hàng chính hãng,360.900đ,-34%,/dien-thoai-panasonic-kx-ts520mx-hang-chinh-hang-p11374712.html?spid=11374714&src=category-page-1789&2hi=0
Điện Thoại THTPhone K3,599.000đ,-25%,/dien-thoai-thtphone-k3-p9793739.html?spid=9793741&src=category-page-1789&2hi=0
Điện thoại bàn không dây Panasonic KX-TGC412 - Hàng Chính Hãng,1.281.900đ,-43%,/dien-thoai-ban-khong-day-panasonic-kx-tgc412-hang-chinh-hang-p21317034.html?spid=11478449&src=category-page-1789&2hi=0
"Điện thoại Forme L03, màn hình 2.4inch, pin 3500mAh, loa nhạc to, font chữ lớn - Hàng chính hãng",360.000đ,-12%,/dien-thoai-forme-l03-man-hinh-2-4inch-pin-3500mah-loa-nhac-to-font-chu-lon-hang-chinh-hang-p47994191.html?spid=47994193&src=category-page-1789&2hi=0
Điện Thoại Suntek Nomu U1 - Hàng Chính Hãng,999.000đ,-36%,/dien-thoai-suntek-nomu-u1-hang-chinh-hang-p713247.html?spid=742609&src=category-page-1789&2hi=0
iPad Pro 12.9 inch (2018) 64GB Wifi Cellular - Hàng Nhập Khẩu Chính Hãng,25.990.000đ,-28%,/ipad-pro-12-9-inch-2018-64gb-wifi-cellular-hang-nhap-khau-chinh-hang-p6878373.html?spid=6878377&src=category-page-1789&2hi=0
Điện Thoại Ip ATCOM D21 Hàng chính hãng ,751.000đ,-40%,/dien-thoai-ip-atcom-d21-hang-chinh-hang-p41275052.html?spid=45084246&src=category-page-1789&2hi=0
Điện Thoại Di Động Masstel Max R1 - Hàng Chính Hãng,419.000đ,-14%,/dien-thoai-di-dong-masstel-max-r1-hang-chinh-hang-p14621026.html?spid=20726241&src=category-page-1789&2hi=0
Điện Thoại Di Động Forme L6 - Hàng Chính Hãng,345.000đ,-1%,/dien-thoai-di-dong-forme-l6-hang-chinh-hang-p8823213.html?spid=9729285&src=category-page-1789&2hi=0
Máy Đọc Sách Likebook Alita - Hàng chính hãng,11.490.000đ,-20%,/may-doc-sach-likebook-alita-hang-chinh-hang-p32900890.html?spid=32900891&src=category-page-1789&2hi=0
Điện Thoại Honor 20 Lite - Hàng Chính Hãng,4.790.000đ,-20%,/dien-thoai-honor-20-lite-hang-chinh-hang-p15241591.html?spid=15241593&src=category-page-1789&2hi=0
Điện Thoại Di Động Forme F3 Black - Hàng Chính Hãng,290.000đ,-17%,/dien-thoai-di-dong-forme-f3-black-hang-chinh-hang-p8818325.html?spid=8818326&src=category-page-1789&2hi=0
Samsung Galaxy s6 edge 32gb - Hàng nhập khẩu,2.990.000đ,-75%,/samsung-galaxy-s6-edge-32gb-hang-nhap-khau-p30008674.html?spid=35328663&src=category-page-1789&2hi=0
Điện Thoại Bluboo Dual (16GB/2GB) - Hàng Chính Hãng,1.590.000đ,-65%,/dien-thoai-bluboo-dual-16gb-2gb-hang-chinh-hang-p658538.html?spid=680662&src=category-page-1789&2hi=0
Điện Thoại Bphone 3 - Hàng Chính Hãng,6.790.000đ,-3%,/dien-thoai-bphone-3-hang-chinh-hang-p5868813.html?spid=28298790&src=category-page-1789&2hi=0
Điện thoại bàn cổ điển DT26,2.200.000đ,-12%,/dien-thoai-ban-co-dien-dt26-p41274209.html?spid=41274210&src=category-page-1789&2hi=0
Điện Thoại Masstel Fami 9 - Hàng Chính Hãng - Xanh,329.000đ,-18%,/dien-thoai-masstel-fami-9-hang-chinh-hang-p25098280.html?spid=58245027&src=category-page-1789&2hi=0
Điện Thoại Suntek Nomu U3W - Hàng Chính Hãng,2.550.000đ,-7%,/dien-thoai-suntek-nomu-u3w-hang-chinh-hang-p712616.html?spid=745129&src=category-page-1789&2hi=0
Máy điện thoại bàn Panasonic KX-T7705 hàng chính hãng,540.000đ,-31%,/may-dien-thoai-ban-panasonic-kx-t7705-hang-chinh-hang-p16523066.html?spid=53831244&src=category-page-1789&2hi=0
Điện Thoại Di Động Forme F3 - Hàng Chính Hãng,290.000đ,-17%,/dien-thoai-di-dong-forme-f3-hang-chinh-hang-p8818035.html?spid=9726073&src=category-page-1789&2hi=0
Điện Thoại M-Power M16 - Hàng Chính Hãng,199.000đ,-29%,/dien-thoai-m-power-m16-hang-chinh-hang-p47971453.html?spid=47971455&src=category-page-1789&2hi=0
Điện thoại để bàn Panasonic KX TSC11MX hàng chính hãng,460.000đ,-29%,/dien-thoai-de-ban-panasonic-kx-tsc11mx-hang-chinh-hang-p16523479.html?spid=49302185&src=category-page-1789&2hi=0
Điện Thoại IP Grandstream GXP1620 - Hàng Chính Hãng,1.075.000đ,-17%,/dien-thoai-ip-grandstream-gxp1620-hang-chinh-hang-p8129371.html?spid=29143882&src=category-page-1789&2hi=0
Điện Thoại Di Động Forme Gorilla Green - Hàng Chính Hãng,299.000đ,-17%,/dien-thoai-di-dong-forme-gorilla-green-hang-chinh-hang-p8819725.html?spid=8819726&src=category-page-1789&2hi=0
Điện thoại bàn không dây Panasonic KX-TGD310 - Hàng Chính Hãng,955.000đ,-26%,/dien-thoai-ban-khong-day-panasonic-kx-tgd310-hang-chinh-hang-p23181426.html?spid=49302075&src=category-page-1789&2hi=0
Máy Tính Bảng Samsung Galaxy A Plus 8'' (Có S Pen) - Hàng Chính Hãng - Đã Kích Hoạt Bảo Hành Điện Tử,5.790.000đ,-17%,/may-tinh-bang-samsung-galaxy-a-plus-8-co-s-pen-hang-chinh-hang-da-kich-hoat-bao-hanh-dien-tu-p13561031.html?spid=53051060&src=category-page-1789&2hi=0
Máy Đọc Sách Onyx Boox Note - Hàng Nhập Khẩu,9.590.000đ,-26%,/may-doc-sach-onyx-boox-note-hang-nhap-khau-p2360487.html?spid=48649594&src=category-page-1789&2hi=0
Điện thoại Cố định Panasonic KX-TS880MX - Hàng chính hãng,799.000đ,-16%,/die-n-thoa-i-co-di-nh-panasonic-kx-ts880mx-hang-chinh-hang-p11418386.html?spid=55354159&src=category-page-1789&2hi=0
Điện Thoại Bàn Panasonic KXTGF320CX - Hàng Chính Hãng,1.831.000đ,-23%,/dien-thoai-ban-panasonic-kxtgf320cx-hang-chinh-hang-p4065607.html?spid=57941218&src=category-page-1789&2hi=0
 Điện Thoại Ip Panasonic KX-HDV100BX - Hàng Chính Hãng,720.000đ,-31%,/dien-thoai-ip-panasonic-kx-hdv100bx-hang-chinh-hang-p43185351.html?spid=53638091&src=category-page-1789&2hi=0
Điện Thoại IP ATCOM D20 - Hàng Chính Hãng - 6 Tài khoản SIP,730.000đ,-37%,/dien-thoai-ip-atcom-d20-hang-chinh-hang-6-tai-khoan-sip-p41274758.html?spid=41274759&src=category-page-1789&2hi=0
Điện thoại bàn Panasonic KX-T7705X - Hàng chính hãng,611.900đ,-24%,/dien-thoai-ban-panasonic-kx-t7705x-hang-chinh-hang-p11468703.html?spid=11468707&src=category-page-1789&2hi=0
Điện Thoại Mobile Uiphone U2 (Đen) - Hàng Chính Hãng,599.000đ,-8%,/dien-thoai-mobile-uiphone-u2-den-hang-chinh-hang-p36029669.html?spid=36029670&src=category-page-1789&2hi=0
Điện thoại để bàn Panasonic KX-TS820 hàng chính hãng,400.000đ,-40%,/dien-thoai-de-ban-panasonic-kx-ts820-hang-chinh-hang-p16519193.html?spid=53635684&src=category-page-1789&2hi=0
iPad Pro 12.9 inch (2018) 256GB Wifi Cellular - Hàng Nhập Khẩu Chính Hãng,27.990.000đ,-30%,/ipad-pro-12-9-inch-2018-256gb-wifi-cellular-hang-nhap-khau-chinh-hang-p6878383.html?spid=6878387&src=category-page-1789&2hi=0
Điện thoại Vivo Y1S - Hàng chính hãng,2.490.000đ,-7%,/dien-thoai-vivo-y1s-hang-chinh-hang-p58444960.html?spid=58445009&src=category-page-1789&2hi=0
"Điện thoại cố định không dây cho người già, màn hình hiển thị đầu số - Hàng chính hãng",479.000đ,-44%,/dien-thoai-co-dinh-khong-day-cho-nguoi-gia-man-hinh-hien-thi-dau-so-hang-chinh-hang-p42333095.html?spid=56240705&src=category-page-1789&2hi=0
Máy Đọc Sách Boox Note Plus (Note+) - Hàng Nhập Khẩu,13.490.000đ,Khong giam,/may-doc-sach-boox-note-plus-note-hang-nhap-khau-p8274317.html?spid=8274319&src=category-page-1789&2hi=0
Điện Thoại Infinix HOT S (X521) - Hàng Chính Hãng,2.350.000đ,-16%,/dien-thoai-infinix-hot-s-x521-hang-chinh-hang-p2316961.html?spid=2316969&src=category-page-1789&2hi=0
Máy đọc sách Onyx Boox Note 2 - HÀNG CHÍNH HÃNG,13.590.000đ,-13%,/may-doc-sach-onyx-boox-note-2-hang-chinh-hang-p40436685.html?spid=55426140&src=category-page-1789&2hi=0
Điện Thoại Masstel Play 30 - Hàng Chính Hãng,399.000đ,-32%,/dien-thoai-masstel-play-30-hang-chinh-hang-p8031111.html?spid=20726238&src=category-page-1789&2hi=0
Điện Thoại Mobell ROCK 3 - Hàng Chính Hãng,489.000đ,-29%,/dien-thoai-mobell-rock-3-hang-chinh-hang-p10766617.html?spid=44783964&src=category-page-1789&2hi=0
Điện Thoại Suntek A1 4GB - Hàng Chính Hãng,3.290.000đ,-23%,/dien-thoai-suntek-a1-4gb-hang-chinh-hang-p14568998.html?spid=14687816&src=category-page-1789&2hi=0
Smartphone - VIVAS Lotus S3 LTE,3.990.000đ,Khong giam,/smartphone-vivas-lotus-s3-lte-p34292701.html?spid=34292702&src=category-page-1789&2hi=0
Điện thoại THTphone A11,299.000đ,-25%,/dien-thoai-thtphone-a11-p5193379.html?spid=5193387&src=category-page-1789&2hi=0
Điện Thoại Realme C11 (2GB/32GB) - Hàng Chính Hãng,2.450.000đ,-9%,/dien-thoai-realme-c11-2gb-32gb-hang-chinh-hang-p58065346.html?spid=58065348&src=category-page-1789&2hi=0
Điện Thoại Suntek Voga V1 - Hàng Chính Hãng,2.990.000đ,-21%,/dien-thoai-suntek-voga-v1-hang-chinh-hang-p7447383.html?spid=7590984&src=category-page-1789&2hi=0
Điện Thoại Bàn Có Dây Panasonic KXT7703X - Hàng Chính Hãng,458.999đ,-12%,/dien-thoai-ban-co-day-panasonic-kxt7703x-hang-chinh-hang-p4053567.html?spid=24727601&src=category-page-1789&2hi=0
"Điện thoại Forme A1, siêu nhỏ gọn, đèn led 7 màu theo nhạc - Hàng chính hãng",325.000đ,-11%,/dien-thoai-forme-a1-sieu-nho-gon-den-led-7-mau-theo-nhac-hang-chinh-hang-p54693718.html?spid=54694381&src=category-page-1789&2hi=0
Điện thoại di động GSM Vtel V1 - Hàng chính hãng,239.000đ,-20%,/dien-thoai-di-dong-gsm-vtel-v1-hang-chinh-hang-p40351876.html?spid=40351879&src=category-page-1789&2hi=0
Điện Thoại Pluzz P521 - Hàng Chính Hãng,270.000đ,-45%,/dien-thoai-pluzz-p521-hang-chinh-hang-p19885876.html?spid=55963328&src=category-page-1789&2hi=0
Điện Thoại Bavapen Pluzz P521 - Hàng Chính Hãng,270.000đ,-46%,/dien-thoai-bavapen-pluzz-p521-hang-chinh-hang-p55963156.html?spid=55963157&src=category-page-1789&2hi=0
Điện Thoại LV Mobile LV218 - 2 SIM - Hàng chính hãng,239.000đ,-4%,/dien-thoai-lv-mobile-lv218-2-sim-hang-chinh-hang-p2715109.html?spid=23463355&src=category-page-1789&2hi=0
Máy Đọc Sách Kobo Forma - Bản 32GB - Hàng Nhập Khẩu,8.686.000đ,-3%,/may-doc-sach-kobo-forma-ban-32gb-hang-nhap-khau-p7958004.html?spid=20701414&src=category-page-1789&2hi=0
Điện Thoại ZIP 1.8-1 - Hàng Chính Hãng,270.000đ,-31%,/dien-thoai-zip-1-8-1-hang-chinh-hang-p1741839.html?spid=20723332&src=category-page-1789&2hi=0
Điện Thoại Bàn Panasonic KXTGD312CX - Hàng Chính Hãng,1.398.900đ,-24%,/dien-thoai-ban-panasonic-kxtgd312cx-hang-chinh-hang-p4065031.html?spid=24726480&src=category-page-1789&2hi=0
Loa JBL SoundBoost Motomods (Dành Cho Moto Z / Moto Z Play) - Hàng Chính Hãng,2.999.000đ,Khong giam,/loa-jbl-soundboost-motomods-danh-cho-moto-z-moto-z-play-hang-chinh-hang-p724530.html?spid=733462&src=category-page-1789&2hi=0
"Điện thoại bàn cổ điển, điện thoại bàn tân cổ điển, DT122",1.800.000đ,-25%,/dien-thoai-ban-co-dien-dien-thoai-ban-tan-co-dien-dt122-p52481412.html?spid=52481413&src=category-page-1789&2hi=0
Máy Chấm Đọc Sách Vua Gia Sư V600 (8GB) - Hàng Chính Hãng,3.490.000đ,Khong giam,/may-cham-doc-sach-vua-gia-su-v600-8gb-hang-chinh-hang-p6310367.html?spid=6310369&src=category-page-1789&2hi=0
Điện thoại Masstel Fami 1 - Hàng Chính Hãng,319.000đ,-29%,/dien-thoai-masstel-fami-1-hang-chinh-hang-p23407543.html?spid=38073014&src=category-page-1789&2hi=0
Điện Thoại Bàn Panasonic KX-TS500MX - Hàng Chính Hãng,233.899đ,-46%,/dien-thoai-ban-panasonic-kx-ts500mx-hang-chinh-hang-p14084476.html?spid=20769983&src=category-page-1789&2hi=0
Điện thoại bàn cổ điển DT04,2.000.000đ,-29%,/dien-thoai-ban-co-dien-dt04-p53330127.html?spid=54664188&src=category-page-1789&2hi=0
Điện thoại để bàn tân cổ điển chuông thanh bàn phím quay mã DT10 dùng sim di động hoặc dùng cáp nghe gọi âm thanh rõ ràng và để trang trí (điện thoại bàn tân cổ điển),2.600.000đ,Khong giam,/dien-thoai-de-ban-tan-co-dien-chuong-thanh-ban-phim-quay-ma-dt10-dung-sim-di-dong-hoac-dung-cap-nghe-goi-am-thanh-ro-rang-va-de-trang-tri-dien-thoai-ban-tan-co-dien-p54882670.html?spid=55089791&src=category-page-1789&2hi=0
Điện Thoại Bàn Không Dây Panasonic KXTGC412 (Đen) - Hàng Chính Hãng,1.384.900đ,-18%,/dien-thoai-ban-khong-day-panasonic-kxtgc412-den-hang-chinh-hang-p4048707.html?spid=37155823&src=category-page-1789&2hi=0
"Điện thoại Forme M5, màn hình 1.8inch, loa nhạc lớn, font chữ lớn - Hàng chính hãng",275.000đ,-21%,/dien-thoai-forme-m5-man-hinh-1-8inch-loa-nhac-lon-font-chu-lon-hang-chinh-hang-p47990535.html?spid=47990537&src=category-page-1789&2hi=0
Điện Thoại Bavapen B52 - Hàng Chính Hãng,390.000đ,-43%,/dien-thoai-bavapen-b52-hang-chinh-hang-p17751071.html?spid=55962878&src=category-page-1789&2hi=0
Điện Thoại Bàn PANASONIC KX-T7703X-TG - Hàng chính hãng,499.000đ,-9%,/dien-thoai-ban-panasonic-kx-t7703x-tg-hang-chinh-hang-p11468555.html?spid=54350101&src=category-page-1789&2hi=0
Điện Thoại Suntek Vicool V5 Bold 2 Sim - Hàng Chính Hãng,599.000đ,-40%,/dien-thoai-suntek-vicool-v5-bold-2-sim-hang-chinh-hang-p14566337.html?spid=14566339&src=category-page-1789&2hi=0
Điện thoại bàn không dây Panasonic KX-TGC310-Hàng Chính Hãng,818.000đ,-27%,/dien-thoai-ban-khong-day-panasonic-kx-tgc310-hang-chinh-hang-p11251937.html?spid=54693599&src=category-page-1789&2hi=0
"Điện thoại Forme A7, màn hình 1.8inch, 2 sim 2 sóng, thẻ nhớ ngoài, loa nhạc lớn, FM không dây, pin 950mAh - Hàng chính hãng",220.000đ,-4%,/dien-thoai-forme-a7-man-hinh-1-8inch-2-sim-2-song-the-nho-ngoai-loa-nhac-lon-fm-khong-day-pin-950mah-hang-chinh-hang-p57383804.html?spid=57383806&src=category-page-1789&2hi=0
Điện Thoại IP Phone Fanvil X1S - Hàng Chính Hãng,800.000đ,-47%,/dien-thoai-ip-phone-fanvil-x1s-hang-chinh-hang-p53380152.html?spid=53380153&src=category-page-1789&2hi=0
Điện thoại bàn cổ điển DT108,2.200.000đ,-12%,/dien-thoai-ban-co-dien-dt108-p53020767.html?spid=53020768&src=category-page-1789&2hi=0
Điện thoại để bàn không dây Panasonic KX-TGK210 - Hàng Chính Hãng,845.000đ,-42%,/dien-thoai-de-ban-khong-day-panasonic-kx-tgk210-hang-chinh-hang-p12275398.html?spid=58931775&src=category-page-1789&2hi=0
Điện thoại bàn không dây Panasonic KX-TGC313 - Hàng Chính Hãng,1.496.000đ,-25%,/dien-thoai-ban-khong-day-panasonic-kx-tgc313-hang-chinh-hang-p23142193.html?spid=56410246&src=category-page-1789&2hi=0
Điện thoại Yealink T19E2 - Hàng chính Hãng,890.000đ,-41%,/dien-thoai-yealink-t19e2-hang-chinh-hang-p29436154.html?spid=43634374&src=category-page-1789&2hi=0
Điện thoại cố định không dây lắp sim Chino-E C265 - Hàng nhập khẩu,735.000đ,-23%,/dien-thoai-co-dinh-khong-day-lap-sim-chino-e-c265-hang-nhap-khau-p23620864.html?spid=23620865&src=category-page-1789&2hi=0
Điện Thoại Bàn Panasonic KXTGF310CX - Hàng Chính Hãng,2.040.000đ,-7%,/dien-thoai-ban-panasonic-kxtgf310cx-hang-chinh-hang-p4065251.html?spid=49302172&src=category-page-1789&2hi=0
"Điện thoại Forme U30, màn hình 1.8inch, pin 1500mAh - Hàng chính hãng",210.000đ,-22%,/dien-thoai-forme-u30-man-hinh-1-8inch-pin-1500mah-hang-chinh-hang-p47994357.html?spid=47994359&src=category-page-1789&2hi=0
ĐIỆN THOẠI IP WIFI  ATCOM A10W - Hàng Chính Hãng,1.150.000đ,-21%,/dien-thoai-ip-wifi-atcom-a10w-hang-chinh-hang-p41234825.html?spid=41234826&src=category-page-1789&2hi=0
Điện Thoại Samsung Galaxy A7 (64GB/4GB) 2018 - Hàng Chính Hãng,6.989.000đ,Khong giam,/dien-thoai-samsung-galaxy-a7-64gb-4gb-2018-hang-chinh-hang-p4620603.html?spid=35944665&src=category-page-1789&2hi=0
Điện thoại bàn cổ điển DT42,2.000.000đ,-9%,/dien-thoai-ban-co-dien-dt42-p47290166.html?spid=47320989&src=category-page-1789&2hi=0
ĐIỆN THOẠI CỐ ĐỊNH PANASONIC KX-TS840MX - Hàng chính hãng,549.000đ,-22%,/dien-thoai-co-dinh-panasonic-kx-ts840mx-hang-chinh-hang-p11465847.html?spid=52710124&src=category-page-1789&2hi=0
Điện thoại bàn Tân Cổ Điển 217,1.800.000đ,-28%,/dien-thoai-ban-tan-co-dien-217-p48612183.html?spid=48612184&src=category-page-1789&2hi=0
Điện Thoại Di Động Forme Gorilla Coffee - Hàng Chính Hãng,299.000đ,-17%,/dien-thoai-di-dong-forme-gorilla-coffee-hang-chinh-hang-p13328288.html?spid=13328289&src=category-page-1789&2hi=0
Điện thoại IP Grandstream GXP1610 - Hàng chính hãng,879.000đ,-48%,/dien-thoai-grandstream-gxp1610-hang-chinh-hang-p29425483.html?spid=44307904&src=category-page-1789&2hi=0
Điện thoại để bàn Panasonic KX-TS580 hàng chính hãng,674.000đ,-29%,/dien-thoai-de-ban-panasonic-kx-ts580-hang-chinh-hang-p16518729.html?spid=56865723&src=category-page-1789&2hi=0
Điện Thoại Di Động GSM Zono N105 - Hàng Nhập Khẩu,349.000đ,Khong giam,/dien-thoai-di-dong-gsm-zono-n105-hang-nhap-khau-p1418743.html?spid=1511181&src=category-page-1789&2hi=0
Điện thoại bàn không dây Panasonic KX-TGC312 - Hàng chính hãng,1.195.000đ,-37%,/dien-thoai-ban-khong-day-panasonic-kx-tgc312-hang-chinh-hang-p11251735.html?spid=52328522&src=category-page-1789&2hi=0
Điện thoại bàn cổ điển DT146,2.200.000đ,-12%,/dien-thoai-ban-co-dien-dt146-p52461026.html?spid=52461027&src=category-page-1789&2hi=0
Điện Thoại Suntek Vicool V5 - Hàng Chính Hãng,650.000đ,-27%,/dien-thoai-suntek-vicool-v5-hang-chinh-hang-p14569063.html?spid=14687811&src=category-page-1789&2hi=0
"Điện Thoại IP ATCOM D32 Màn Hình Màu LCD,  6 tài khoản SIP Hàng Chính Hãng",950.000đ,-24%,/dien-thoai-ip-atcom-d32-man-hinh-mau-lcd-6-tai-khoan-sip-hang-chinh-hang-p41275309.html?spid=41275310&src=category-page-1789&2hi=0
Điện thoại bàn có màn hình NV-04 - Giao màu ngẫu nhiên,248.000đ,Khong giam,/dien-thoai-ban-co-man-hinh-nv-04-giao-mau-ngau-nhien-p58391908.html?spid=58391909&src=category-page-1789&2hi=0
Tay con mở rộng Panasonic KX-TGDA30 - Hàng Chính Hãng,750.000đ,-34%,/tay-con-mo-rong-panasonic-kx-tgda30-hang-chinh-hang-p23117977.html?spid=43982426&src=category-page-1789&2hi=0
Điện thoại không dây IP 622CW ,1.850.000đ,-16%,/dien-thoai-khong-day-ip-622cw-p29446449.html?spid=29446452&src=category-page-1789&2hi=0
ĐIỆN THOẠI IP GRANDSTREAM GXP1625 - Hàng Chính Hãng,1.280.000đ,-1%,/dien-thoai-ip-grandstream-gxp1625-hang-chinh-hang-p20712584.html?spid=42743132&src=category-page-1789&2hi=0
Điện thoại bàn Tân Cổ Điển 208,1.800.000đ,-28%,/dien-thoai-ban-tan-co-dien-208-p48613176.html?spid=48613177&src=category-page-1789&2hi=0
Điện thoại bàn cổ điển DT02,1.600.000đ,-11%,/dien-thoai-ban-co-dien-dt02-p39047200.html?spid=39047201&src=category-page-1789&2hi=0
điện thoại  IP622C - hàng chính hãng,1.650.000đ,-34%,/dien-thoai-ip622c-hang-chinh-hang-p29440849.html?spid=29440850&src=category-page-1789&2hi=0
Tổng đài IP Panasonic KX-HTS824 All-in-one - Hàng chính hãng,5.150.000đ,-6%,/tong-dai-ip-panasonic-kx-hts824-all-in-one-hang-chinh-hang-p53646144.html?spid=54066044&src=category-page-1789&2hi=0
Điện thoại để bàn Panasonic KX-TS840 hàng chính hãng,585.000đ,-30%,/dien-thoai-de-ban-panasonic-kx-ts840-hang-chinh-hang-p16520424.html?spid=49302208&src=category-page-1789&2hi=0
Samsung Galaxy s6 edge 64gb - Hàng nhập khẩu,2.990.000đ,-75%,/samsung-galaxy-s6-edge-64gb-hang-nhap-khau-p30008538.html?spid=35328661&src=category-page-1789&2hi=0
ĐIỆN THOẠI BÀN TÂN CỔ ĐIỂN ( NGHE GOI BẰNG DÂY LINE),1.999.000đ,-31%,/dien-thoai-ban-tan-co-dien-nghe-goi-bang-day-line-p52644706.html?spid=52644707&src=category-page-1789&2hi=0
Điện Thoại IP Grandstream GXP1610 - Hàng Chính Hãng,850.000đ,-11%,/dien-thoai-ip-grandstream-gxp1610-hang-chinh-hang-p20711020.html?spid=28634160&src=category-page-1789&2hi=0
Điện thoại bàn cổ điển MS1 ( NGHE GỌI BẰNG  SIM DI ĐỘNG),3.999.000đ,-38%,/dien-thoai-ban-co-dien-ms1-nghe-goi-bang-sim-di-dong-p54664144.html?spid=54664145&src=category-page-1789&2hi=0
"Điện Thoại Cổ Điển DT40S - Bản Dùng Sim Cố Định, Sim Gphone, Sim Homephone",3.200.000đ,-18%,/dien-thoai-co-dien-dt40s-ban-dung-sim-co-dinh-sim-gphone-sim-homephone-p58841752.html?spid=58841753&src=category-page-1789&2hi=0
ĐIỆN THOẠI IP GRANDSTREAM GXP1615 - Hàng Chính Hãng,1.090.000đ,-9%,/dien-thoai-ip-grandstream-gxp1615-hang-chinh-hang-p20712264.html?spid=24561859&src=category-page-1789&2hi=0
Điện Thoại Cổ Điển DT150 - Bản Dây Line,1.990.000đ,-23%,/dien-thoai-co-dien-dt150-ban-day-line-p58146831.html?spid=58146832&src=category-page-1789&2hi=0
Điện Thoại Masstel IZI 300 - Hàng Chính Hãng,345.000đ,-30%,/dien-thoai-masstel-izi-300-hang-chinh-hang-p35527589.html?spid=46585177&src=category-page-1789&2hi=0
Vòng Tay Phong Thủy Tỳ Hưu Mã Não Đỏ Tự Nhiên 11MM,579.000đ,Khong giam,/vong-tay-phong-thuy-ty-huu-ma-nao-do-tu-nhien-11mm-p13861288.html?spid=13861289&src=category-page-1789&2hi=0
Điện Thoại IP ATCOM D33 Hàng Chính Hãng 6 Tài khoản SIP,1.050.000đ,-28%,/dien-thoai-ip-atcom-d33-hang-chinh-hang-6-tai-khoan-sip-p41234823.html?spid=41234824&src=category-page-1789&2hi=0
Điện thoại di động COGO C39- Hàng Chính Hãng,250.000đ,-49%,/dien-thoai-di-dong-cogo-c39-hang-chinh-hang-p27780468.html?spid=27780470&src=category-page-1789&2hi=0
Điện Thoại Cổ Điển DT26R - Bản Dây Line,2.490.000đ,-20%,/dien-thoai-co-dien-dt26r-ban-day-line-p58151674.html?spid=58151675&src=category-page-1789&2hi=0
Điện Thoại Samsung Galaxy A80 (128GB/8GB) - Hàng Chính Hãng - Đã Kích Hoạt Bảo Hành Điện Tử,9.990.000đ,-33%,/dien-thoai-samsung-galaxy-a80-128gb-8gb-hang-chinh-hang-da-kich-hoat-bao-hanh-dien-tu-p14380995.html?spid=28930339&src=category-page-1789&2hi=0
Điện thoại Ip phone Cisco CP-7945G chính hãng,4.500.000đ,Khong giam,/dien-thoai-ip-phone-cisco-cp-7945g-chinh-hang-p15428119.html?spid=15428120&src=category-page-1789&2hi=0
"Điện Thoại Cổ Điển DT144S - Bản Dùng Sim Cố Định, Sim Gphone, Sim Homephone",5.490.000đ,-27%,/dien-thoai-co-dien-dt144s-ban-dung-sim-co-dinh-sim-gphone-sim-homephone-p58298860.html?spid=58298861&src=category-page-1789&2hi=0
Cisco Unified IP Phone 7962G - Hàng chính hãng,4.200.000đ,-16%,/cisco-unified-ip-phone-7962g-hang-chinh-hang-p52002453.html?spid=52002454&src=category-page-1789&2hi=0
